brescia,trento,85.0
pisa,lucca,1492.0
pisa,pisa,82382.0
lucca,prato,101.0
lucca,firenze,225.0
pisa,prato,127.0
reggio_emilia,reggio_emilia,87767.0
lucca,pistoia,967.0
reggio_emilia,bologna,163.0
trento,brescia,95.0
pisa,pistoia,380.0
mantova,reggio_emilia,679.0
reggio_emilia,mantova,742.0
brescia,milano,433.0
pisa,firenze,2158.0
reggio_emilia,modena,3733.0
mantova,mantova,66618.0
pistoia,lucca,980.0
aosta,milano,59.0
pistoia,pisa,396.0
verona,brescia,277.0
mantova,verona,832.0
aosta,aosta,21343.0
pistoia,pistoia,40435.0
pistoia,firenze,1257.0
modena,reggio_emilia,3821.0
aosta,torino,125.0
verona,mantova,844.0
verona,bergamo,14.0
torino,cuneo,1077.0
torino,torino,387447.0
torino,alessandria,90.0
torino,milano,270.0
cuneo,torino,1085.0
pistoia,prato,1822.0
torino,novara,68.0
verona,trento,115.0
torino,asti,658.0
cuneo,cuneo,81054.0
firenze,pisa,2200.0
torino,aosta,140.0
imperia,imperia,22121.0
torino,vercelli,366.0
verona,milano,62.0
torino,biella,265.0
biella,torino,292.0
cuneo,savona,60.0
massa_carrara,pisa,164.0
asti,torino,671.0
cuneo,asti,609.0
biella,biella,24889.0
vercelli,torino,344.0
biella,vercelli,343.0
imperia,savona,132.0
asti,cuneo,645.0
savona,imperia,142.0
asti,asti,31218.0
modena,modena,120361.0
vercelli,biella,326.0
modena,mantova,372.0
vercelli,vercelli,26030.0
verona,rovigo,48.0
verona,verona,152200.0
asti,alessandria,378.0
savona,savona,43336.0
vercelli,novara,640.0
mantova,modena,397.0
vercelli,alessandria,164.0
savona,milano,15.0
vercelli,milano,54.0
sassari,genova,14.0
modena,bologna,2402.0
firenze,pistoia,1262.0
vercelli,pavia,75.0
massa_carrara,massa_carrara,30847.0
firenze,lucca,177.0
verbano_cusio_ossola,verbano_cusio_ossola,25368.0
verbano_cusio_ossola,novara,232.0
savona,genova,432.0
alessandria,asti,357.0
prato,pistoia,1777.0
alessandria,vercelli,165.0
prato,prato,53611.0
novara,verbano_cusio_ossola,254.0
novara,vercelli,645.0
prato,firenze,4595.0
verbano_cusio_ossola,milano,34.0
pavia,vercelli,55.0
novara,novara,55243.0
sassari,sassari,41921.0
prato,lucca,106.0
novara,varese,976.0
verbano_cusio_ossola,varese,220.0
novara,pavia,240.0
alessandria,alessandria,65216.0
oristano,oristano,18614.0
oristano,cagliari,191.0
varese,verbano_cusio_ossola,237.0
novara,milano,998.0
prato,siena,10.0
varese,novara,873.0
alessandria,torino,76.0
pavia,novara,216.0
parma,piacenza,306.0
alessandria,milano,86.0
alessandria,genova,378.0
varese,varese,147623.0
alessandria,pavia,461.0
genova,savona,407.0
trento,trento,79821.0
varese,milano,7221.0
firenze,siena,661.0
varese,como,3000.0
genova,alessandria,348.0
siena,firenze,687.0
grosseto,grosseto,31647.0
genova,sassari,12.0
pavia,alessandria,474.0
firenze,prato,4443.0
genova,milano,104.0
genova,genova,122504.0
como,varese,3020.0
milano,novara,991.0
trento,bolzano_bozen,608.0
firenze,firenze,186356.0
milano,varese,7145.0
pavia,pavia,93979.0
pavia,milano,4032.0
como,como,101121.0
cagliari,cagliari,68978.0
como,milano,2984.0
milano,como,2814.0
milano,pavia,4116.0
milano,milano,597071.0
firenze,milano,50.0
milano,torino,242.0
milano,piacenza,194.0
milano,brescia,410.0
verona,padova,321.0
milano,roma,101.0
verona,vicenza,1111.0
como,lecco,1295.0
milano,lecco,1063.0
milano,cremona,612.0
firenze,bologna,104.0
milano,lodi,2017.0
pavia,piacenza,323.0
milano,bergamo,3480.0
firenze,roma,152.0
nuoro,nuoro,13605.0
lecco,como,1259.0
como,sondrio,213.0
genova,la_spezia,181.0
lecco,sondrio,52.0
bologna,modena,2425.0
lecco,milano,1164.0
lecco,lecco,47717.0
pavia,lodi,511.0
lecco,bergamo,897.0
lodi,milano,2119.0
firenze,livorno,140.0
lodi,pavia,560.0
piacenza,pavia,282.0
mantova,rovigo,142.0
lodi,cremona,354.0
lodi,lodi,31385.0
modena,ferrara,316.0
bergamo,lecco,845.0
sondrio,como,237.0
cremona,lodi,410.0
bergamo,como,63.0
bergamo,milano,3491.0
cremona,milano,617.0
cremona,bergamo,426.0
piacenza,lodi,194.0
lodi,piacenza,182.0
la_spezia,genova,222.0
bergamo,cremona,446.0
bergamo,bergamo,173417.0
piacenza,piacenza,54087.0
sondrio,milano,53.0
piacenza,milano,155.0
bolzano_bozen,trento,607.0
la_spezia,la_spezia,35816.0
sondrio,sondrio,27391.0
rovigo,mantova,140.0
cremona,cremona,47362.0
piacenza,parma,310.0
la_spezia,pisa,95.0
la_spezia,massa_carrara,1079.0
bergamo,brescia,2541.0
bologna,reggio_emilia,161.0
piacenza,cremona,1106.0
ferrara,modena,306.0
bologna,milano,94.0
bologna,firenze,90.0
bologna,bologna,186474.0
massa_carrara,lucca,634.0
vicenza,verona,1087.0
siena,siena,43289.0
brescia,cremona,368.0
bologna,ferrara,1678.0
siena,grosseto,125.0
firenze,arezzo,1064.0
grosseto,siena,124.0
bolzano_bozen,bolzano_bozen,71659.0
ferrara,bologna,1645.0
vicenza,vicenza,113831.0
vicenza,venezia,95.0
padova,verona,271.0
arezzo,firenze,1031.0
padova,rovigo,804.0
bologna,ravenna,1132.0
vicenza,padova,2376.0
rovigo,verona,42.0
ferrara,ferrara,53367.0
siena,arezzo,400.0
rovigo,ferrara,647.0
vicenza,treviso,865.0
padova,vicenza,2352.0
ferrara,rovigo,690.0
arezzo,siena,383.0
arezzo,arezzo,55047.0
rovigo,padova,781.0
treviso,vicenza,835.0
ferrara,ravenna,150.0
padova,padova,151194.0
rovigo,rovigo,31878.0
bolzano_bozen,belluno,184.0
siena,perugia,230.0
roma,palermo,83.0
ravenna,bologna,1158.0
belluno,bolzano_bozen,175.0
padova,treviso,1515.0
ravenna,ferrara,165.0
padova,venezia,3357.0
treviso,padova,1526.0
belluno,treviso,223.0
treviso,belluno,209.0
roma,genova,51.0
perugia,siena,202.0
arezzo,perugia,576.0
ravenna,ravenna,70021.0
venezia,padova,3240.0
viterbo,viterbo,46035.0
belluno,belluno,28780.0
rovigo,venezia,209.0
forli_cesena,bologna,194.0
venezia,rovigo,241.0
forli_cesena,ravenna,1528.0
ravenna,forli_cesena,1508.0
forli_cesena,forli_cesena,64525.0
perugia,arezzo,578.0
viterbo,terni,399.0
treviso,treviso,129552.0
viterbo,roma,1021.0
treviso,venezia,3169.0
venezia,venezia,110173.0
venezia,treviso,3143.0
roma,viterbo,990.0
terni,viterbo,371.0
forli_cesena,rimini,1006.0
terni,perugia,351.0
treviso,pordenone,965.0
perugia,perugia,108816.0
rimini,forli_cesena,979.0
roma,napoli,494.0
roma,milano,133.0
rimini,ravenna,115.0
perugia,roma,67.0
terni,terni,35029.0
roma,roma,838915.0
terni,roma,204.0
perugia,terni,308.0
roma,bologna,54.0
roma,terni,180.0
roma,firenze,168.0
rimini,rimini,38629.0
rimini,bologna,60.0
pordenone,treviso,983.0
roma,rieti,872.0
roma,latina,4119.0
terni,rieti,104.0
rimini,pesaro_e_urbino,630.0
pordenone,pordenone,47080.0
rieti,roma,964.0
trapani,trapani,41903.0
pesaro_e_urbino,rimini,617.0
pordenone,venezia,450.0
roma,la_aquila,155.0
roma,frosinone,1625.0
latina,roma,4224.0
perugia,ancona,42.0
rieti,terni,116.0
venezia,pordenone,444.0
trapani,agrigento,80.0
pesaro_e_urbino,pesaro_e_urbino,52147.0
rieti,rieti,18980.0
pordenone,udine,282.0
trapani,palermo,645.0
venezia,udine,266.0
agrigento,trapani,68.0
udine,pordenone,281.0
udine,venezia,298.0
latina,latina,77642.0
pesaro_e_urbino,ancona,312.0
ancona,pesaro_e_urbino,285.0
rieti,la_aquila,109.0
la_aquila,rieti,105.0
udine,udine,68842.0
palermo,trapani,507.0
ancona,ancona,50187.0
la_aquila,roma,175.0
udine,trieste,135.0
frosinone,roma,1796.0
palermo,roma,39.0
udine,gorizia,1030.0
palermo,palermo,208676.0
agrigento,palermo,168.0
macerata,macerata,45347.0
ancona,macerata,1200.0
frosinone,latina,325.0
cremona,brescia,363.0
macerata,ancona,1237.0
frosinone,frosinone,70921.0
gorizia,udine,962.0
gorizia,trieste,301.0
gorizia,gorizia,21279.0
la_aquila,la_aquila,42449.0
latina,frosinone,312.0
agrigento,agrigento,53027.0
macerata,fermo,816.0
la_aquila,frosinone,73.0
latina,napoli,136.0
fermo,macerata,768.0
fermo,ascoli_piceno,295.0
fermo,fermo,22283.0
latina,caserta,291.0
ascoli_piceno,teramo,1131.0
ascoli_piceno,ascoli_piceno,26132.0
ascoli_piceno,fermo,307.0
trieste,gorizia,327.0
agrigento,caltanissetta,472.0
trieste,trieste,21254.0
teramo,ascoli_piceno,1109.0
teramo,teramo,42099.0
brescia,brescia,190785.0
frosinone,caserta,251.0
la_aquila,pescara,163.0
caltanissetta,agrigento,424.0
caserta,latina,296.0
palermo,caltanissetta,83.0
teramo,pescara,418.0
caserta,frosinone,257.0
isernia,caserta,142.0
pescara,la_aquila,166.0
caserta,isernia,133.0
pescara,pescara,44438.0
caltanissetta,caltanissetta,27517.0
caltanissetta,enna,250.0
pescara,teramo,429.0
pescara,chieti,2495.0
isernia,isernia,8647.0
chieti,pescara,2525.0
enna,caltanissetta,260.0
caserta,caserta,132463.0
caserta,roma,305.0
napoli,frosinone,170.0
napoli,latina,138.0
caserta,napoli,9841.0
parma,parma,77851.0
napoli,caserta,10037.0
napoli,firenze,54.0
napoli,milano,51.0
lucca,massa_carrara,615.0
caltanissetta,catania,186.0
napoli,roma,899.0
napoli,napoli,612815.0
caserta,salerno,219.0
caltanissetta,ragusa,144.0
parma,milano,49.0
napoli,benevento,423.0
enna,palermo,32.0
enna,enna,20224.0
caserta,benevento,672.0
chieti,chieti,48046.0
caserta,avellino,78.0
ragusa,caltanissetta,131.0
napoli,salerno,5381.0
napoli,avellino,1132.0
benevento,caserta,682.0
enna,catania,354.0
campobasso,isernia,100.0
salerno,napoli,5494.0
benevento,napoli,465.0
salerno,caserta,226.0
salerno,roma,93.0
ragusa,catania,537.0
ragusa,ragusa,49356.0
avellino,caserta,69.0
avellino,napoli,1173.0
benevento,benevento,39228.0
catania,ragusa,475.0
chieti,campobasso,129.0
brescia,bergamo,2481.0
livorno,lucca,94.0
benevento,avellino,629.0
campobasso,campobasso,25684.0
avellino,benevento,622.0
salerno,avellino,1118.0
ragusa,siracusa,317.0
avellino,salerno,1041.0
salerno,salerno,192287.0
avellino,avellino,59783.0
campobasso,chieti,158.0
campobasso,foggia,124.0
siracusa,ragusa,293.0
catania,caltanissetta,162.0
catania,catania,179240.0
catania,enna,300.0
catania,siracusa,970.0
siracusa,catania,1004.0
catania,palermo,96.0
catania,messina,908.0
siracusa,siracusa,47377.0
messina,catania,964.0
messina,messina,66404.0
foggia,campobasso,100.0
salerno,potenza,150.0
parma,modena,79.0
messina,reggio_calabria,71.0
foggia,foggia,80426.0
foggia,potenza,66.0
potenza,salerno,150.0
reggio_calabria,messina,83.0
parma,mantova,113.0
foggia,bari,68.0
potenza,potenza,42207.0
foggia,barletta_andria_trani,211.0
reggio_calabria,reggio_calabria,48524.0
livorno,firenze,180.0
potenza,matera,68.0
reggio_calabria,vibo_valentia,104.0
livorno,pisa,2174.0
vibo_valentia,reggio_calabria,91.0
parma,reggio_emilia,1545.0
vibo_valentia,vibo_valentia,14594.0
cremona,parma,112.0
barletta_andria_trani,foggia,229.0
cosenza,catanzaro,175.0
livorno,livorno,48228.0
catanzaro,cosenza,216.0
barletta_andria_trani,barletta_andria_trani,47691.0
cosenza,cosenza,94851.0
catanzaro,vibo_valentia,83.0
reggio_calabria,catanzaro,85.0
barletta_andria_trani,bari,1480.0
cremona,piacenza,1098.0
catanzaro,catanzaro,42277.0
catanzaro,reggio_calabria,74.0
matera,matera,26949.0
matera,bari,410.0
cosenza,crotone,84.0
bari,barletta_andria_trani,1512.0
bari,matera,404.0
bari,foggia,44.0
matera,taranto,117.0
catanzaro,crotone,124.0
taranto,matera,101.0
pisa,massa_carrara,156.0
bari,bari,188978.0
crotone,catanzaro,118.0
cremona,mantova,383.0
bari,taranto,469.0
crotone,crotone,21642.0
crotone,cosenza,79.0
taranto,bari,447.0
bari,brindisi,640.0
brescia,mantova,733.0
taranto,taranto,93490.0
lucca,lucca,53735.0
brindisi,bari,585.0
taranto,brindisi,1034.0
brindisi,taranto,1130.0
brindisi,brindisi,61875.0
mantova,cremona,386.0
brindisi,lecce,684.0
massa_carrara,la_spezia,1044.0
pisa,livorno,2233.0
lecce,brindisi,750.0
lecce,taranto,76.0
mantova,brescia,768.0
lecce,lecce,119243.0
mantova,parma,92.0
lucca,pisa,1582.0
brescia,verona,363.0
reggio_emilia,parma,1499.0
matera,potenza,84.0
pisa,la_spezia,84.0
cosenza,matera,22.0
bari,lecce,38.0
bari,roma,16.0
lucca,livorno,89.0
taranto,lecce,76.0
lecce,bari,52.0
reggio_emilia,milano,10.0
pisa,siena,27.0
modena,parma,59.0
torino,savona,34.0
grosseto,livorno,28.0
torino,genova,35.0
torino,roma,12.0
torino,varese,29.0
trento,verona,92.0
biella,novara,62.0
asti,vercelli,13.0
savona,cuneo,47.0
savona,torino,33.0
novara,biella,64.0
prato,pisa,97.0
novara,torino,49.0
varese,bergamo,28.0
nuoro,oristano,23.0
prato,bologna,34.0
genova,roma,16.0
siena,pisa,26.0
genova,palermo,38.0
genova,torino,31.0
pavia,varese,15.0
massa_carrara,livorno,32.0
grosseto,firenze,12.0
pavia,genova,18.0
cagliari,roma,11.0
cagliari,oristano,101.0
nuoro,sassari,54.0
cagliari,sassari,11.0
como,bergamo,50.0
milano,parma,47.0
milano,genova,75.0
milano,bologna,48.0
milano,alessandria,94.0
milano,firenze,32.0
milano,verona,30.0
sondrio,lecco,62.0
bergamo,varese,37.0
bergamo,lodi,32.0
piacenza,bologna,35.0
bologna,parma,46.0
bologna,roma,58.0
bologna,forli_cesena,172.0
brescia,piacenza,38.0
viterbo,grosseto,25.0
firenze,ravenna,23.0
arezzo,prato,40.0
ravenna,firenze,28.0
rovigo,bologna,11.0
trento,belluno,13.0
viterbo,siena,18.0
padova,bologna,19.0
padova,milano,27.0
venezia,vicenza,60.0
ravenna,rimini,84.0
pordenone,belluno,11.0
roma,pisa,13.0
roma,salerno,36.0
roma,perugia,39.0
palermo,agrigento,121.0
palermo,catania,90.0
palermo,messina,39.0
gorizia,venezia,27.0
frosinone,la_aquila,44.0
frosinone,napoli,100.0
palermo,enna,12.0
agrigento,catania,43.0
trieste,udine,86.0
teramo,la_aquila,38.0
ascoli_piceno,macerata,15.0
isernia,frosinone,14.0
caltanissetta,palermo,84.0
pescara,roma,24.0
napoli,torino,10.0
isernia,campobasso,92.0
messina,enna,11.0
livorno,massa_carrara,42.0
benevento,roma,23.0
benevento,campobasso,33.0
livorno,prato,14.0
messina,palermo,36.0
catania,roma,30.0
avellino,potenza,11.0
avellino,foggia,24.0
parma,bologna,58.0
parma,cremona,107.0
cosenza,potenza,13.0
vibo_valentia,catanzaro,97.0
matera,cosenza,37.0
pistoia,livorno,14.0
verona,venezia,26.0
imperia,genova,11.0
cuneo,genova,10.0
aosta,vercelli,12.0
prato,arezzo,19.0
sassari,cagliari,11.0
oristano,nuoro,16.0
sassari,nuoro,10.0
genova,pavia,17.0
varese,pavia,14.0
genova,imperia,10.0
varese,lecco,13.0
firenze,grosseto,12.0
milano,verbano_cusio_ossola,25.0
milano,padova,10.0
milano,vercelli,19.0
grosseto,viterbo,18.0
milano,modena,16.0
milano,venezia,12.0
milano,napoli,10.0
milano,savona,10.0
milano,sondrio,21.0
bologna,prato,14.0
lodi,bergamo,28.0
bologna,rovigo,14.0
bergamo,verona,11.0
bologna,padova,18.0
bolzano_bozen,verona,14.0
la_spezia,lucca,26.0
piacenza,brescia,28.0
bologna,rimini,37.0
ferrara,mantova,16.0
siena,viterbo,23.0
sondrio,brescia,13.0
padova,ferrara,10.0
belluno,trento,16.0
roma,catania,10.0
roma,grosseto,10.0
belluno,pordenone,23.0
roma,pescara,15.0
roma,torino,21.0
roma,caserta,150.0
ancona,perugia,32.0
rieti,ascoli_piceno,14.0
la_aquila,teramo,54.0
palermo,genova,19.0
ancona,fermo,13.0
macerata,ascoli_piceno,15.0
ascoli_piceno,pescara,14.0
frosinone,isernia,15.0
la_aquila,isernia,18.0
pescara,ascoli_piceno,11.0
chieti,teramo,19.0
enna,messina,13.0
campobasso,benevento,27.0
campobasso,pescara,15.0
catania,agrigento,14.0
foggia,avellino,11.0
potenza,foggia,42.0
potenza,cosenza,13.0
potenza,barletta_andria_trani,18.0
