lucca,firenze,108.0
lucca,prato,66.0
reggio_emilia,reggio_emilia,91617.0
lucca,pistoia,807.0
pisa,pistoia,361.0
mantova,reggio_emilia,675.0
reggio_emilia,mantova,699.0
pisa,firenze,1895.0
verona,brescia,198.0
reggio_emilia,modena,3098.0
mantova,mantova,69296.0
pistoia,lucca,811.0
pistoia,pisa,341.0
mantova,verona,617.0
verona,mantova,600.0
pistoia,firenze,1044.0
pistoia,pistoia,41930.0
aosta,aosta,20771.0
modena,reggio_emilia,3199.0
cremona,brescia,280.0
firenze,pisa,1877.0
pistoia,prato,1598.0
verona,trento,115.0
modena,modena,124749.0
torino,cuneo,1021.0
torino,torino,393241.0
verona,verona,154902.0
cuneo,torino,938.0
aosta,torino,150.0
torino,milano,50.0
cuneo,cuneo,83500.0
torino,aosta,103.0
imperia,imperia,22411.0
torino,asti,328.0
massa_carrara,massa_carrara,31633.0
mantova,modena,291.0
torino,biella,235.0
torino,vercelli,205.0
modena,mantova,314.0
prato,pistoia,1546.0
biella,torino,236.0
cuneo,savona,57.0
modena,bologna,1775.0
asti,torino,357.0
imperia,savona,179.0
cuneo,asti,466.0
biella,biella,25971.0
vercelli,torino,212.0
biella,novara,52.0
biella,vercelli,238.0
savona,imperia,169.0
asti,cuneo,444.0
asti,asti,32853.0
prato,prato,55266.0
vercelli,biella,255.0
vercelli,vercelli,27203.0
prato,firenze,3906.0
firenze,pistoia,1111.0
firenze,siena,562.0
asti,alessandria,282.0
savona,savona,43999.0
vercelli,novara,509.0
vercelli,alessandria,123.0
alessandria,asti,335.0
sassari,genova,10.0
trento,trento,78221.0
verbano_cusio_ossola,novara,175.0
novara,verbano_cusio_ossola,185.0
verbano_cusio_ossola,verbano_cusio_ossola,26057.0
alessandria,vercelli,123.0
savona,genova,378.0
novara,vercelli,548.0
siena,firenze,590.0
pavia,vercelli,55.0
novara,novara,57266.0
sassari,sassari,42562.0
firenze,lucca,129.0
novara,varese,757.0
verbano_cusio_ossola,varese,201.0
grosseto,grosseto,32390.0
novara,pavia,177.0
alessandria,alessandria,67280.0
firenze,prato,3895.0
oristano,oristano,19078.0
varese,novara,733.0
varese,verbano_cusio_ossola,205.0
novara,milano,579.0
pavia,novara,160.0
trento,bolzano_bozen,535.0
firenze,firenze,187122.0
bologna,modena,1759.0
alessandria,genova,172.0
varese,varese,153148.0
genova,alessandria,137.0
genova,savona,351.0
alessandria,pavia,322.0
pavia,alessandria,323.0
modena,ferrara,265.0
varese,milano,5770.0
varese,como,2704.0
genova,roma,24.0
genova,sassari,18.0
milano,novara,628.0
como,varese,2620.0
verona,vicenza,1155.0
genova,genova,124743.0
milano,varese,5820.0
mantova,rovigo,141.0
bolzano_bozen,trento,549.0
pavia,pavia,98156.0
como,como,106347.0
pavia,milano,3293.0
cagliari,cagliari,72113.0
como,milano,2268.0
milano,como,2240.0
milano,pavia,3366.0
milano,milano,603807.0
milano,brescia,345.0
verona,padova,238.0
genova,la_spezia,176.0
como,lecco,1130.0
milano,lecco,849.0
rovigo,mantova,132.0
milano,lodi,1866.0
nuoro,nuoro,14309.0
pavia,piacenza,251.0
milano,bergamo,2725.0
como,sondrio,166.0
lecco,como,1179.0
milano,cremona,480.0
lecco,sondrio,62.0
ferrara,modena,257.0
pavia,lodi,513.0
lecco,lecco,50408.0
lecco,milano,827.0
lecco,bergamo,700.0
lodi,milano,1859.0
parma,piacenza,197.0
bologna,bologna,190671.0
lodi,pavia,530.0
piacenza,pavia,230.0
sondrio,como,167.0
lodi,cremona,399.0
lodi,lodi,32163.0
bergamo,lecco,698.0
cremona,milano,485.0
bergamo,milano,2697.0
cremona,lodi,390.0
cremona,bergamo,399.0
lodi,piacenza,246.0
bergamo,cremona,374.0
piacenza,lodi,243.0
bergamo,bergamo,178067.0
piacenza,milano,71.0
piacenza,piacenza,55572.0
la_spezia,genova,172.0
sondrio,sondrio,26412.0
la_spezia,la_spezia,37040.0
cremona,cremona,49270.0
piacenza,parma,192.0
la_spezia,massa_carrara,982.0
bergamo,brescia,2003.0
piacenza,cremona,926.0
vicenza,verona,1176.0
bologna,ferrara,1566.0
siena,siena,43930.0
grosseto,siena,119.0
brescia,milano,310.0
massa_carrara,lucca,566.0
bolzano_bozen,bolzano_bozen,70097.0
firenze,arezzo,847.0
bologna,forli_cesena,168.0
ferrara,bologna,1541.0
padova,verona,224.0
vicenza,vicenza,116920.0
arezzo,firenze,816.0
padova,rovigo,709.0
vicenza,padova,1968.0
bologna,ravenna,1023.0
ferrara,ferrara,54887.0
vicenza,treviso,757.0
padova,vicenza,1904.0
rovigo,padova,705.0
siena,arezzo,310.0
rovigo,ferrara,660.0
ferrara,rovigo,641.0
arezzo,arezzo,56518.0
arezzo,siena,323.0
treviso,vicenza,690.0
padova,padova,154828.0
ravenna,ferrara,176.0
ravenna,bologna,1005.0
rovigo,rovigo,33131.0
roma,palermo,60.0
bolzano_bozen,belluno,121.0
ferrara,ravenna,158.0
siena,perugia,155.0
padova,treviso,1380.0
roma,genova,30.0
treviso,padova,1314.0
padova,venezia,2974.0
belluno,treviso,154.0
treviso,belluno,162.0
perugia,siena,179.0
ravenna,ravenna,72438.0
arezzo,perugia,453.0
venezia,padova,2965.0
viterbo,viterbo,46950.0
rovigo,venezia,215.0
belluno,belluno,28980.0
forli_cesena,bologna,144.0
ravenna,forli_cesena,1402.0
forli_cesena,ravenna,1387.0
perugia,arezzo,467.0
forli_cesena,forli_cesena,66198.0
venezia,rovigo,225.0
roma,viterbo,732.0
viterbo,terni,273.0
treviso,treviso,133101.0
viterbo,roma,763.0
treviso,venezia,2565.0
venezia,treviso,2679.0
venezia,venezia,114415.0
pordenone,belluno,32.0
terni,viterbo,310.0
forli_cesena,rimini,679.0
terni,perugia,296.0
rimini,forli_cesena,718.0
perugia,perugia,109295.0
roma,napoli,275.0
treviso,pordenone,831.0
terni,roma,151.0
perugia,terni,291.0
roma,terni,122.0
brescia,bergamo,1990.0
terni,terni,35604.0
roma,roma,831754.0
rimini,rimini,41038.0
pordenone,treviso,899.0
terni,rieti,70.0
roma,rieti,743.0
roma,latina,3295.0
pordenone,pordenone,47992.0
rimini,pesaro_e_urbino,510.0
rieti,roma,733.0
perugia,ancona,37.0
trapani,trapani,43755.0
pesaro_e_urbino,rimini,467.0
latina,roma,3274.0
pordenone,venezia,381.0
venezia,pordenone,360.0
rieti,terni,88.0
pesaro_e_urbino,pesaro_e_urbino,54035.0
pordenone,udine,296.0
roma,frosinone,1213.0
rieti,rieti,20071.0
trapani,palermo,461.0
venezia,udine,229.0
agrigento,trapani,47.0
roma,la_aquila,134.0
udine,pordenone,317.0
rieti,la_aquila,82.0
la_aquila,rieti,70.0
pesaro_e_urbino,ancona,213.0
brescia,cremona,268.0
udine,venezia,218.0
latina,latina,79822.0
ancona,pesaro_e_urbino,181.0
palermo,trapani,427.0
udine,udine,69445.0
ancona,ancona,51991.0
la_aquila,roma,138.0
udine,trieste,105.0
frosinone,roma,1187.0
agrigento,palermo,109.0
udine,gorizia,1033.0
palermo,palermo,212289.0
palermo,roma,20.0
ancona,macerata,1025.0
macerata,macerata,46264.0
latina,frosinone,235.0
macerata,ancona,1043.0
frosinone,frosinone,72972.0
gorizia,udine,933.0
gorizia,trieste,283.0
gorizia,gorizia,21365.0
frosinone,latina,216.0
la_aquila,la_aquila,43387.0
agrigento,agrigento,54660.0
macerata,fermo,678.0
la_aquila,frosinone,53.0
frosinone,la_aquila,44.0
latina,napoli,71.0
fermo,macerata,639.0
fermo,fermo,23026.0
ascoli_piceno,fermo,222.0
latina,caserta,191.0
ascoli_piceno,ascoli_piceno,27010.0
ascoli_piceno,teramo,1017.0
palermo,caltanissetta,73.0
trieste,udine,101.0
fermo,ascoli_piceno,221.0
trieste,gorizia,298.0
trieste,trieste,21596.0
teramo,ascoli_piceno,968.0
agrigento,caltanissetta,363.0
teramo,teramo,43412.0
frosinone,caserta,174.0
la_aquila,pescara,107.0
caserta,latina,196.0
caltanissetta,agrigento,345.0
pescara,la_aquila,105.0
teramo,pescara,305.0
caserta,frosinone,155.0
isernia,caserta,129.0
caserta,isernia,119.0
pescara,teramo,326.0
pescara,pescara,45139.0
caltanissetta,caltanissetta,28825.0
brescia,brescia,196098.0
pescara,chieti,1817.0
caltanissetta,enna,187.0
caltanissetta,catania,125.0
chieti,pescara,1795.0
isernia,isernia,9090.0
enna,caltanissetta,169.0
caserta,caserta,136967.0
caserta,napoli,8289.0
napoli,caserta,8566.0
napoli,roma,504.0
caserta,salerno,187.0
caserta,roma,139.0
napoli,frosinone,92.0
napoli,napoli,619424.0
parma,parma,79701.0
caltanissetta,ragusa,138.0
lucca,massa_carrara,566.0
caserta,benevento,557.0
enna,enna,20692.0
isernia,campobasso,72.0
chieti,chieti,49992.0
napoli,avellino,908.0
napoli,benevento,292.0
napoli,salerno,4113.0
benevento,caserta,578.0
ragusa,caltanissetta,142.0
campobasso,isernia,56.0
enna,catania,220.0
lucca,la_spezia,33.0
ragusa,catania,370.0
benevento,napoli,328.0
salerno,napoli,4215.0
catania,ragusa,385.0
chieti,campobasso,103.0
salerno,caserta,186.0
avellino,caserta,61.0
ragusa,ragusa,50361.0
avellino,napoli,808.0
benevento,benevento,40305.0
catania,caltanissetta,86.0
salerno,avellino,850.0
benevento,avellino,475.0
campobasso,campobasso,26081.0
avellino,benevento,477.0
ragusa,siracusa,222.0
salerno,roma,41.0
avellino,salerno,820.0
salerno,salerno,194783.0
avellino,avellino,62276.0
campobasso,chieti,119.0
siracusa,catania,804.0
catania,siracusa,790.0
siracusa,ragusa,212.0
catania,catania,178957.0
catania,enna,211.0
livorno,lucca,90.0
siracusa,siracusa,48505.0
catania,messina,659.0
messina,catania,702.0
foggia,campobasso,64.0
messina,messina,68902.0
salerno,potenza,104.0
foggia,foggia,82669.0
foggia,potenza,97.0
reggio_calabria,messina,53.0
potenza,salerno,91.0
foggia,bari,49.0
potenza,potenza,43425.0
cosenza,potenza,27.0
foggia,barletta_andria_trani,105.0
reggio_calabria,reggio_calabria,50730.0
livorno,pisa,1918.0
reggio_calabria,vibo_valentia,77.0
vibo_valentia,reggio_calabria,85.0
parma,reggio_emilia,1144.0
vibo_valentia,vibo_valentia,15350.0
cremona,piacenza,918.0
lucca,livorno,81.0
barletta_andria_trani,foggia,140.0
cosenza,catanzaro,78.0
vibo_valentia,catanzaro,61.0
livorno,firenze,123.0
barletta_andria_trani,barletta_andria_trani,49086.0
cosenza,cosenza,96579.0
catanzaro,vibo_valentia,74.0
catanzaro,cosenza,99.0
barletta_andria_trani,bari,1036.0
cremona,parma,61.0
reggio_calabria,catanzaro,61.0
catanzaro,catanzaro,43067.0
catanzaro,reggio_calabria,65.0
livorno,livorno,49369.0
matera,matera,27780.0
bari,barletta_andria_trani,1016.0
bari,matera,299.0
matera,bari,316.0
matera,taranto,103.0
bari,bari,192865.0
crotone,cosenza,36.0
crotone,catanzaro,81.0
taranto,matera,101.0
crotone,crotone,22346.0
bari,taranto,249.0
bari,brindisi,446.0
cremona,mantova,359.0
taranto,taranto,95240.0
taranto,bari,252.0
brindisi,bari,410.0
taranto,brindisi,847.0
massa_carrara,la_spezia,959.0
brindisi,taranto,793.0
brindisi,brindisi,63558.0
mantova,cremona,373.0
lucca,lucca,55091.0
brindisi,lecce,428.0
brescia,mantova,669.0
lecce,brindisi,458.0
pisa,livorno,1903.0
lecce,lecce,120413.0
mantova,brescia,645.0
mantova,parma,60.0
brescia,trento,47.0
lucca,pisa,1269.0
reggio_emilia,parma,1170.0
pisa,lucca,1259.0
brescia,verona,194.0
pisa,pisa,83869.0
trento,brescia,56.0
pisa,prato,87.0
lecce,bari,40.0
lecce,taranto,28.0
reggio_emilia,bologna,32.0
modena,parma,33.0
torino,novara,15.0
grosseto,livorno,11.0
trento,verona,78.0
savona,cuneo,39.0
prato,lucca,66.0
prato,pisa,77.0
firenze,livorno,74.0
oristano,cagliari,69.0
bologna,prato,22.0
nuoro,oristano,11.0
alessandria,milano,15.0
siena,pisa,13.0
genova,milano,27.0
genova,palermo,26.0
firenze,bologna,47.0
firenze,roma,116.0
genova,torino,26.0
cagliari,oristano,54.0
milano,torino,59.0
milano,piacenza,84.0
bologna,firenze,50.0
bologna,roma,26.0
sondrio,lecco,51.0
bologna,parma,11.0
bergamo,lodi,26.0
bologna,reggio_emilia,54.0
bergamo,como,30.0
sondrio,milano,11.0
la_spezia,pisa,19.0
piacenza,brescia,33.0
bologna,padova,13.0
la_spezia,lucca,37.0
bologna,torino,11.0
massa_carrara,pisa,86.0
siena,grosseto,121.0
viterbo,grosseto,15.0
rovigo,verona,28.0
arezzo,prato,15.0
vicenza,venezia,36.0
firenze,ravenna,10.0
rovigo,bologna,10.0
viterbo,siena,22.0
belluno,trento,23.0
belluno,bolzano_bozen,111.0
roma,pisa,24.0
rimini,ravenna,18.0
roma,firenze,129.0
roma,milano,12.0
roma,salerno,29.0
roma,bologna,22.0
palermo,catania,38.0
palermo,agrigento,65.0
frosinone,napoli,73.0
agrigento,catania,34.0
teramo,la_aquila,20.0
fermo,ancona,10.0
caltanissetta,palermo,55.0
pescara,roma,11.0
napoli,latina,42.0
napoli,firenze,24.0
caserta,avellino,67.0
messina,enna,20.0
livorno,massa_carrara,22.0
benevento,campobasso,10.0
messina,palermo,36.0
catania,palermo,39.0
messina,reggio_calabria,51.0
parma,modena,22.0
potenza,foggia,63.0
parma,cremona,67.0
livorno,prato,24.0
parma,mantova,64.0
potenza,matera,51.0
matera,potenza,41.0
cosenza,matera,14.0
cosenza,crotone,44.0
catanzaro,crotone,42.0
bari,foggia,47.0
pisa,massa_carrara,75.0
bari,lecce,15.0
taranto,lecce,44.0
livorno,grosseto,15.0
pisa,siena,13.0
verona,bolzano_bozen,10.0
massa_carrara,livorno,16.0
torino,genova,15.0
torino,savona,13.0
torino,roma,12.0
cuneo,genova,23.0
prato,arezzo,15.0
prato,bologna,15.0
vercelli,pavia,37.0
novara,biella,24.0
alessandria,torino,16.0
novara,torino,16.0
verona,rovigo,36.0
varese,torino,11.0
varese,pavia,11.0
varese,bergamo,10.0
genova,imperia,11.0
grosseto,viterbo,14.0
como,bergamo,25.0
milano,sondrio,10.0
milano,alessandria,16.0
milano,genova,31.0
bologna,rovigo,25.0
lodi,bergamo,23.0
bolzano_bozen,verona,15.0
siena,viterbo,33.0
ravenna,firenze,14.0
trento,belluno,19.0
brescia,piacenza,16.0
venezia,vicenza,23.0
ravenna,rimini,22.0
belluno,pordenone,24.0
roma,pescara,10.0
perugia,roma,14.0
roma,caserta,36.0
trapani,agrigento,22.0
ancona,perugia,31.0
rieti,ascoli_piceno,12.0
palermo,messina,11.0
la_aquila,teramo,33.0
palermo,genova,16.0
macerata,ascoli_piceno,12.0
ascoli_piceno,pescara,19.0
la_aquila,napoli,31.0
chieti,teramo,13.0
pescara,ascoli_piceno,11.0
parma,bologna,11.0
enna,messina,13.0
campobasso,benevento,14.0
benevento,salerno,12.0
campobasso,foggia,45.0
catania,agrigento,17.0
potenza,cosenza,24.0
barletta_andria_trani,potenza,13.0
pisa,la_spezia,32.0
matera,cosenza,41.0
