lucca,firenze,177.0
reggio_emilia,reggio_emilia,88480.0
trento,brescia,163.0
lucca,pistoia,934.0
pisa,pistoia,418.0
reggio_emilia,bologna,159.0
reggio_emilia,mantova,825.0
massa_carrara,la_spezia,1162.0
mantova,reggio_emilia,804.0
pisa,firenze,2177.0
reggio_emilia,modena,3850.0
mantova,mantova,66700.0
verona,brescia,352.0
pistoia,lucca,887.0
pistoia,pisa,399.0
mantova,verona,806.0
verona,trento,136.0
aosta,aosta,23438.0
pistoia,pistoia,40935.0
pistoia,firenze,1240.0
modena,reggio_emilia,3887.0
verona,mantova,784.0
torino,cuneo,1029.0
firenze,pisa,2216.0
torino,torino,388419.0
cuneo,torino,1037.0
torino,milano,190.0
pistoia,prato,1846.0
cuneo,cuneo,81762.0
torino,asti,618.0
aosta,torino,199.0
imperia,imperia,22105.0
torino,vercelli,353.0
torino,biella,256.0
torino,aosta,118.0
biella,torino,264.0
asti,torino,569.0
modena,modena,122032.0
cuneo,asti,659.0
biella,biella,24818.0
imperia,savona,246.0
biella,novara,69.0
vercelli,torino,338.0
verona,verona,151107.0
savona,imperia,215.0
biella,vercelli,342.0
asti,cuneo,646.0
asti,asti,31096.0
modena,mantova,413.0
vercelli,biella,347.0
vercelli,vercelli,25858.0
asti,alessandria,382.0
mantova,modena,377.0
savona,savona,43472.0
vercelli,novara,638.0
modena,bologna,2263.0
vercelli,alessandria,181.0
vercelli,pavia,40.0
prato,pistoia,1844.0
firenze,pistoia,1290.0
verbano_cusio_ossola,verbano_cusio_ossola,25429.0
alessandria,asti,407.0
verbano_cusio_ossola,novara,280.0
alessandria,vercelli,175.0
novara,verbano_cusio_ossola,281.0
prato,prato,54056.0
savona,genova,446.0
firenze,siena,740.0
novara,vercelli,646.0
prato,firenze,4550.0
pavia,vercelli,48.0
novara,novara,55430.0
firenze,lucca,206.0
novara,varese,1026.0
sassari,sassari,41667.0
verbano_cusio_ossola,varese,253.0
oristano,oristano,18650.0
alessandria,alessandria,64738.0
novara,pavia,238.0
varese,verbano_cusio_ossola,249.0
varese,novara,960.0
novara,milano,863.0
pavia,novara,238.0
alessandria,genova,357.0
varese,varese,149342.0
alessandria,pavia,452.0
genova,savona,474.0
genova,alessandria,372.0
alessandria,milano,54.0
varese,milano,6914.0
varese,como,3107.0
pavia,alessandria,454.0
trento,trento,85674.0
como,varese,3103.0
genova,genova,121738.0
milano,novara,934.0
siena,firenze,731.0
firenze,livorno,149.0
milano,varese,7466.0
massa_carrara,massa_carrara,30812.0
grosseto,grosseto,31686.0
pavia,pavia,95180.0
trento,bolzano_bozen,655.0
como,como,101679.0
pavia,milano,3809.0
como,milano,2774.0
cagliari,cagliari,68586.0
firenze,prato,4590.0
milano,torino,211.0
milano,como,2870.0
milano,pavia,4054.0
milano,roma,125.0
milano,milano,602670.0
firenze,firenze,190278.0
milano,genova,98.0
como,lecco,1340.0
milano,lecco,1071.0
milano,brescia,488.0
milano,piacenza,134.0
milano,lodi,1963.0
genova,la_spezia,206.0
milano,bergamo,3610.0
pavia,piacenza,332.0
firenze,bologna,202.0
nuoro,nuoro,13665.0
lecco,como,1301.0
como,sondrio,205.0
milano,cremona,548.0
bologna,modena,2318.0
pavia,lodi,523.0
lecco,lecco,48295.0
lecco,milano,1008.0
firenze,roma,264.0
lecco,bergamo,882.0
lodi,milano,1885.0
mantova,rovigo,131.0
bolzano_bozen,trento,683.0
lodi,pavia,488.0
piacenza,pavia,345.0
sondrio,como,194.0
lodi,cremona,364.0
lodi,lodi,31813.0
verona,vicenza,1134.0
verona,padova,332.0
bergamo,lecco,909.0
cremona,lodi,352.0
cremona,milano,510.0
bergamo,milano,3319.0
modena,ferrara,329.0
cremona,bergamo,476.0
lodi,piacenza,154.0
piacenza,lodi,184.0
la_spezia,genova,222.0
bergamo,cremona,452.0
bergamo,bergamo,174403.0
piacenza,piacenza,54562.0
piacenza,milano,140.0
rovigo,mantova,135.0
la_spezia,la_spezia,36564.0
sondrio,sondrio,29868.0
cremona,cremona,47716.0
ferrara,modena,323.0
la_spezia,massa_carrara,1134.0
bergamo,brescia,2501.0
piacenza,parma,313.0
piacenza,cremona,1018.0
parma,piacenza,319.0
grosseto,siena,171.0
bologna,reggio_emilia,154.0
bologna,bologna,190082.0
massa_carrara,lucca,675.0
bologna,ferrara,1729.0
siena,siena,43973.0
firenze,arezzo,1032.0
vicenza,verona,1197.0
bologna,firenze,128.0
bolzano_bozen,bolzano_bozen,74788.0
ferrara,bologna,1659.0
bologna,forli_cesena,185.0
vicenza,vicenza,114436.0
padova,verona,320.0
arezzo,firenze,1018.0
padova,rovigo,851.0
bologna,ravenna,1134.0
vicenza,padova,2226.0
ferrara,ferrara,53474.0
vicenza,treviso,908.0
rovigo,ferrara,671.0
padova,vicenza,2248.0
siena,arezzo,366.0
ferrara,rovigo,703.0
rovigo,padova,836.0
arezzo,arezzo,55442.0
arezzo,siena,360.0
roma,sassari,13.0
brescia,cremona,365.0
treviso,vicenza,914.0
padova,padova,150430.0
ferrara,ravenna,180.0
ravenna,bologna,1110.0
rovigo,rovigo,31838.0
bolzano_bozen,belluno,216.0
padova,treviso,1491.0
siena,perugia,213.0
belluno,bolzano_bozen,229.0
treviso,padova,1444.0
ravenna,ferrara,188.0
padova,venezia,3304.0
treviso,belluno,207.0
belluno,treviso,225.0
perugia,siena,192.0
arezzo,perugia,576.0
ravenna,ravenna,70556.0
venezia,padova,3194.0
viterbo,viterbo,45981.0
rovigo,venezia,228.0
massa_carrara,pisa,138.0
belluno,belluno,30525.0
forli_cesena,bologna,209.0
ravenna,forli_cesena,1547.0
forli_cesena,ravenna,1504.0
venezia,rovigo,240.0
perugia,arezzo,577.0
forli_cesena,forli_cesena,65276.0
viterbo,roma,969.0
viterbo,terni,357.0
treviso,treviso,129848.0
roma,viterbo,1025.0
terni,viterbo,353.0
treviso,venezia,3116.0
venezia,treviso,3139.0
venezia,venezia,109618.0
pordenone,belluno,22.0
forli_cesena,rimini,935.0
perugia,perugia,109557.0
rimini,forli_cesena,966.0
treviso,pordenone,1058.0
terni,roma,198.0
terni,perugia,371.0
brescia,milano,380.0
roma,terni,215.0
terni,terni,35328.0
roma,napoli,486.0
roma,roma,849807.0
roma,milano,73.0
rimini,rimini,39361.0
perugia,terni,362.0
pordenone,treviso,1034.0
roma,rieti,935.0
roma,latina,4177.0
rimini,pesaro_e_urbino,644.0
pordenone,pordenone,46850.0
rieti,roma,871.0
trapani,trapani,42520.0
latina,roma,4143.0
pesaro_e_urbino,rimini,651.0
roma,frosinone,1585.0
pordenone,venezia,456.0
trapani,agrigento,44.0
venezia,pordenone,445.0
pesaro_e_urbino,pesaro_e_urbino,53009.0
pordenone,udine,338.0
rieti,rieti,19045.0
roma,la_aquila,150.0
trapani,palermo,551.0
venezia,udine,288.0
pesaro_e_urbino,ancona,314.0
udine,pordenone,350.0
rieti,la_aquila,113.0
udine,venezia,252.0
latina,latina,77828.0
la_aquila,roma,136.0
ancona,pesaro_e_urbino,272.0
palermo,trapani,531.0
udine,udine,69116.0
ancona,ancona,51047.0
frosinone,roma,1514.0
udine,gorizia,920.0
ancona,macerata,1197.0
palermo,palermo,209337.0
macerata,macerata,46336.0
macerata,ancona,1183.0
frosinone,latina,310.0
latina,frosinone,336.0
frosinone,frosinone,70349.0
gorizia,udine,894.0
gorizia,gorizia,21198.0
gorizia,trieste,316.0
la_aquila,la_aquila,43270.0
agrigento,agrigento,52735.0
cremona,brescia,342.0
macerata,fermo,729.0
fermo,ascoli_piceno,271.0
agrigento,palermo,122.0
la_aquila,frosinone,67.0
fermo,macerata,717.0
fermo,fermo,22690.0
latina,caserta,312.0
ascoli_piceno,fermo,293.0
ascoli_piceno,teramo,1203.0
ascoli_piceno,ascoli_piceno,26823.0
trieste,gorizia,333.0
brescia,brescia,192300.0
trieste,trieste,20853.0
teramo,ascoli_piceno,1074.0
frosinone,caserta,227.0
teramo,teramo,42676.0
agrigento,caltanissetta,459.0
la_aquila,pescara,167.0
palermo,caltanissetta,104.0
caltanissetta,agrigento,448.0
teramo,pescara,376.0
caserta,frosinone,200.0
caserta,latina,272.0
pescara,la_aquila,145.0
isernia,caserta,168.0
caserta,isernia,158.0
caltanissetta,enna,220.0
pescara,teramo,388.0
pescara,pescara,44413.0
caltanissetta,caltanissetta,27508.0
pescara,chieti,2361.0
isernia,isernia,8745.0
napoli,frosinone,106.0
chieti,pescara,2358.0
enna,caltanissetta,222.0
caserta,caserta,131557.0
napoli,latina,124.0
napoli,roma,578.0
caserta,napoli,9639.0
napoli,caserta,9812.0
parma,parma,78734.0
napoli,napoli,603664.0
lucca,massa_carrara,674.0
caserta,roma,113.0
napoli,benevento,400.0
caltanissetta,catania,172.0
caserta,avellino,85.0
caltanissetta,ragusa,151.0
caserta,salerno,236.0
caserta,benevento,690.0
enna,enna,20382.0
chieti,chieti,48668.0
napoli,salerno,5306.0
napoli,avellino,1162.0
benevento,caserta,713.0
catania,ragusa,482.0
enna,catania,309.0
salerno,napoli,5072.0
salerno,caserta,222.0
benevento,napoli,375.0
ragusa,catania,468.0
avellino,napoli,1034.0
ragusa,ragusa,49278.0
avellino,caserta,68.0
benevento,benevento,39160.0
chieti,campobasso,196.0
benevento,avellino,573.0
catania,caltanissetta,148.0
campobasso,campobasso,25652.0
salerno,avellino,1026.0
livorno,lucca,122.0
avellino,benevento,557.0
ragusa,siracusa,271.0
avellino,salerno,948.0
salerno,salerno,190535.0
livorno,firenze,122.0
avellino,avellino,59901.0
campobasso,chieti,168.0
siracusa,ragusa,315.0
catania,enna,264.0
siracusa,catania,941.0
catania,siracusa,921.0
catania,catania,178847.0
siracusa,siracusa,47101.0
catania,messina,765.0
brescia,bergamo,2529.0
foggia,campobasso,77.0
messina,catania,913.0
messina,messina,67069.0
messina,reggio_calabria,57.0
foggia,foggia,80013.0
salerno,potenza,116.0
foggia,potenza,90.0
potenza,salerno,123.0
potenza,potenza,42895.0
foggia,barletta_andria_trani,252.0
parma,mantova,90.0
reggio_calabria,reggio_calabria,49082.0
reggio_calabria,vibo_valentia,92.0
vibo_valentia,reggio_calabria,96.0
livorno,pisa,2214.0
parma,reggio_emilia,1535.0
vibo_valentia,vibo_valentia,14735.0
barletta_andria_trani,potenza,27.0
parma,cremona,96.0
barletta_andria_trani,foggia,257.0
vibo_valentia,catanzaro,108.0
cosenza,catanzaro,179.0
livorno,livorno,48694.0
catanzaro,cosenza,152.0
cosenza,cosenza,95151.0
barletta_andria_trani,barletta_andria_trani,47293.0
catanzaro,vibo_valentia,112.0
reggio_calabria,catanzaro,121.0
barletta_andria_trani,bari,1432.0
pisa,massa_carrara,132.0
catanzaro,catanzaro,42777.0
matera,matera,27294.0
bari,barletta_andria_trani,1493.0
bari,matera,363.0
matera,bari,378.0
cosenza,matera,33.0
matera,taranto,119.0
catanzaro,crotone,115.0
bari,bari,187371.0
cremona,parma,88.0
taranto,matera,111.0
crotone,catanzaro,144.0
bari,taranto,375.0
crotone,crotone,21944.0
crotone,cosenza,98.0
cremona,mantova,416.0
taranto,bari,396.0
bari,brindisi,562.0
taranto,taranto,93941.0
taranto,brindisi,1063.0
brindisi,bari,553.0
brescia,mantova,825.0
brindisi,taranto,1102.0
brindisi,brindisi,61563.0
lucca,lucca,53752.0
brindisi,lecce,654.0
mantova,cremona,411.0
pisa,livorno,2249.0
lecce,brindisi,642.0
lecce,taranto,88.0
lecce,lecce,118882.0
mantova,parma,84.0
brescia,trento,147.0
mantova,brescia,849.0
cremona,piacenza,990.0
reggio_emilia,parma,1552.0
lucca,pisa,1551.0
pisa,lucca,1503.0
pisa,pisa,83400.0
brescia,verona,336.0
cosenza,crotone,76.0
bari,foggia,65.0
bari,lecce,41.0
taranto,lecce,63.0
lucca,livorno,104.0
lecce,bari,53.0
lucca,prato,93.0
pisa,prato,69.0
livorno,grosseto,25.0
pisa,siena,34.0
modena,parma,83.0
torino,savona,17.0
torino,alessandria,64.0
torino,varese,20.0
torino,genova,21.0
torino,novara,51.0
vercelli,aosta,12.0
cuneo,savona,47.0
verona,milano,38.0
savona,cuneo,53.0
massa_carrara,firenze,27.0
trento,verona,101.0
vercelli,milano,40.0
novara,biella,76.0
sassari,cagliari,23.0
alessandria,torino,74.0
oristano,cagliari,106.0
novara,torino,58.0
prato,pisa,85.0
prato,lucca,84.0
prato,livorno,11.0
prato,siena,13.0
prato,arezzo,40.0
grosseto,pisa,18.0
grosseto,livorno,31.0
genova,milano,52.0
genova,torino,36.0
pavia,varese,26.0
varese,bergamo,44.0
cagliari,oristano,66.0
cagliari,sassari,31.0
como,bergamo,49.0
milano,napoli,46.0
milano,firenze,39.0
milano,verona,59.0
milano,alessandria,64.0
milano,bologna,49.0
massa_carrara,livorno,42.0
lecco,sondrio,63.0
bolzano_bozen,verona,48.0
verona,rovigo,54.0
bergamo,lodi,10.0
sondrio,lecco,75.0
bergamo,varese,43.0
bologna,prato,33.0
la_spezia,pisa,65.0
la_spezia,lucca,39.0
piacenza,brescia,43.0
bologna,milano,44.0
bologna,parma,28.0
bologna,roma,52.0
bologna,verona,30.0
bologna,rimini,41.0
siena,grosseto,161.0
brescia,piacenza,42.0
rovigo,verona,53.0
viterbo,grosseto,11.0
vicenza,venezia,63.0
arezzo,prato,35.0
firenze,ravenna,11.0
ferrara,padova,11.0
rovigo,bologna,24.0
trento,belluno,75.0
viterbo,siena,13.0
belluno,trento,82.0
venezia,vicenza,58.0
venezia,verona,14.0
roma,palermo,48.0
roma,catania,14.0
ravenna,rimini,74.0
venezia,roma,11.0
perugia,roma,42.0
roma,firenze,190.0
rimini,ravenna,75.0
roma,bologna,33.0
roma,caserta,133.0
terni,rieti,98.0
rimini,bologna,28.0
perugia,ancona,21.0
udine,belluno,11.0
rieti,terni,96.0
agrigento,trapani,38.0
la_aquila,rieti,93.0
udine,trieste,79.0
palermo,catania,90.0
palermo,agrigento,134.0
palermo,roma,30.0
frosinone,napoli,94.0
frosinone,la_aquila,54.0
latina,napoli,124.0
teramo,la_aquila,24.0
trieste,udine,101.0
agrigento,catania,42.0
caltanissetta,palermo,77.0
isernia,frosinone,36.0
brescia,sondrio,17.0
pescara,ascoli_piceno,14.0
pescara,roma,31.0
napoli,milano,40.0
napoli,firenze,42.0
livorno,massa_carrara,34.0
isernia,campobasso,102.0
messina,enna,15.0
campobasso,isernia,81.0
ragusa,caltanissetta,122.0
messina,palermo,23.0
salerno,roma,22.0
parma,modena,88.0
parma,bologna,38.0
benevento,campobasso,14.0
parma,milano,30.0
campobasso,foggia,87.0
catania,palermo,96.0
catania,roma,36.0
avellino,foggia,25.0
lucca,la_spezia,35.0
reggio_calabria,messina,38.0
potenza,foggia,70.0
foggia,bari,62.0
cosenza,potenza,12.0
potenza,matera,70.0
pisa,la_spezia,67.0
matera,potenza,41.0
catanzaro,reggio_calabria,50.0
cosenza,reggio_calabria,10.0
pisa,roma,16.0
matera,cosenza,33.0
pisa,grosseto,20.0
reggio_emilia,piacenza,11.0
verona,bolzano_bozen,12.0
verona,modena,12.0
verona,bologna,18.0
verona,bergamo,13.0
cuneo,genova,15.0
aosta,vercelli,10.0
siena,pisa,18.0
savona,torino,29.0
prato,bologna,18.0
savona,alessandria,11.0
sassari,nuoro,17.0
oristano,nuoro,16.0
varese,torino,10.0
firenze,massa_carrara,11.0
genova,pavia,17.0
nuoro,oristano,14.0
varese,pavia,18.0
genova,roma,10.0
firenze,napoli,13.0
siena,prato,13.0
milano,mantova,10.0
milano,venezia,15.0
milano,vercelli,23.0
milano,sondrio,39.0
milano,verbano_cusio_ossola,16.0
firenze,milano,22.0
milano,parma,26.0
milano,savona,19.0
lodi,bergamo,26.0
bergamo,como,25.0
bologna,rovigo,25.0
bergamo,verona,11.0
la_spezia,livorno,18.0
grosseto,viterbo,25.0
siena,viterbo,26.0
ravenna,firenze,18.0
padova,ferrara,16.0
padova,bologna,16.0
sondrio,brescia,15.0
roma,grosseto,24.0
forli_cesena,pesaro_e_urbino,10.0
belluno,pordenone,23.0
roma,pescara,16.0
roma,salerno,31.0
roma,perugia,36.0
roma,torino,10.0
ancona,perugia,42.0
udine,treviso,19.0
rieti,ascoli_piceno,18.0
la_aquila,teramo,45.0
ancona,fermo,18.0
ancona,ascoli_piceno,12.0
palermo,messina,15.0
macerata,ascoli_piceno,21.0
ascoli_piceno,pescara,13.0
frosinone,isernia,15.0
la_aquila,chieti,11.0
la_aquila,isernia,13.0
chieti,teramo,18.0
livorno,pistoia,19.0
enna,messina,10.0
livorno,prato,17.0
campobasso,benevento,31.0
benevento,salerno,11.0
catania,agrigento,17.0
foggia,avellino,11.0
potenza,cosenza,10.0
potenza,barletta_andria_trani,26.0
