cremona,piacenza,338.0
modena,mantova,66.0
verbano_cusio_ossola,verbano_cusio_ossola,27871.0
novara,vercelli,111.0
modena,bologna,462.0
prato,prato,57788.0
novara,novara,59876.0
sassari,sassari,43282.0
novara,varese,184.0
prato,firenze,1044.0
verbano_cusio_ossola,varese,118.0
varese,novara,207.0
alessandria,alessandria,69311.0
firenze,siena,103.0
oristano,oristano,20015.0
varese,verbano_cusio_ossola,128.0
novara,pavia,26.0
novara,milano,94.0
trento,trento,71851.0
siena,firenze,110.0
alessandria,pavia,117.0
varese,varese,162352.0
bologna,modena,457.0
varese,como,980.0
pavia,alessandria,113.0
grosseto,grosseto,33854.0
varese,milano,1772.0
firenze,prato,1003.0
como,varese,1046.0
genova,genova,126319.0
milano,varese,1628.0
firenze,firenze,185054.0
mantova,rovigo,20.0
pavia,pavia,106168.0
pavia,milano,1035.0
como,como,118489.0
cagliari,cagliari,74758.0
como,milano,724.0
trento,bolzano_bozen,129.0
milano,novara,83.0
milano,como,582.0
milano,pavia,954.0
milano,milano,594529.0
verona,vicenza,325.0
como,lecco,342.0
milano,lecco,216.0
modena,ferrara,67.0
nuoro,nuoro,14786.0
milano,lodi,526.0
lecco,como,345.0
milano,bergamo,486.0
pavia,piacenza,64.0
como,sondrio,59.0
pavia,lodi,235.0
lecco,lecco,55694.0
lecco,milano,220.0
lodi,milano,574.0
bolzano_bozen,trento,96.0
lecco,bergamo,227.0
sondrio,como,59.0
ferrara,modena,69.0
piacenza,pavia,83.0
lodi,pavia,272.0
lodi,lodi,36102.0
vicenza,verona,310.0
lodi,cremona,137.0
bologna,bologna,185768.0
bergamo,lecco,220.0
bergamo,milano,516.0
cremona,lodi,116.0
cremona,milano,114.0
cremona,bergamo,119.0
bergamo,cremona,125.0
lodi,piacenza,68.0
bergamo,bergamo,186978.0
piacenza,lodi,85.0
piacenza,piacenza,57895.0
sondrio,sondrio,26475.0
la_spezia,la_spezia,38725.0
cremona,cremona,53374.0
bergamo,brescia,727.0
la_spezia,massa_carrara,215.0
piacenza,cremona,325.0
bologna,ferrara,319.0
bolzano_bozen,bolzano_bozen,63704.0
siena,siena,44662.0
padova,verona,69.0
ferrara,bologna,282.0
firenze,arezzo,152.0
vicenza,vicenza,117454.0
arezzo,firenze,196.0
massa_carrara,massa_carrara,34039.0
padova,rovigo,229.0
vicenza,padova,712.0
rovigo,padova,281.0
ferrara,ferrara,58781.0
padova,vicenza,711.0
bologna,ravenna,247.0
vicenza,treviso,275.0
siena,arezzo,100.0
rovigo,ferrara,145.0
arezzo,arezzo,59135.0
ferrara,rovigo,144.0
treviso,vicenza,269.0
ravenna,bologna,297.0
padova,padova,157128.0
arezzo,siena,85.0
brescia,cremona,117.0
rovigo,rovigo,35507.0
padova,treviso,504.0
ravenna,ferrara,61.0
treviso,padova,497.0
padova,venezia,1006.0
perugia,siena,65.0
belluno,treviso,76.0
ravenna,ravenna,74982.0
venezia,padova,1010.0
arezzo,perugia,129.0
viterbo,viterbo,50367.0
roma,viterbo,194.0
treviso,belluno,77.0
belluno,belluno,27551.0
rovigo,venezia,73.0
forli_cesena,ravenna,389.0
venezia,rovigo,86.0
perugia,arezzo,123.0
forli_cesena,forli_cesena,67978.0
ravenna,forli_cesena,409.0
treviso,treviso,136794.0
viterbo,terni,121.0
viterbo,roma,297.0
venezia,treviso,821.0
treviso,venezia,809.0
venezia,venezia,122553.0
terni,viterbo,146.0
forli_cesena,rimini,292.0
terni,perugia,77.0
treviso,pordenone,153.0
rimini,forli_cesena,283.0
perugia,perugia,111927.0
terni,terni,36984.0
pordenone,treviso,145.0
roma,roma,794981.0
rimini,rimini,43427.0
rimini,pesaro_e_urbino,124.0
roma,rieti,262.0
roma,latina,1115.0
massa_carrara,lucca,223.0
pordenone,pordenone,49692.0
rieti,roma,356.0
latina,roma,1204.0
pesaro_e_urbino,rimini,108.0
trapani,trapani,47049.0
pordenone,venezia,58.0
pesaro_e_urbino,pesaro_e_urbino,56056.0
roma,frosinone,217.0
rieti,rieti,22830.0
pordenone,udine,60.0
trapani,palermo,262.0
udine,pordenone,56.0
venezia,udine,87.0
la_aquila,rieti,32.0
udine,venezia,74.0
pesaro_e_urbino,ancona,54.0
latina,latina,85107.0
palermo,trapani,211.0
frosinone,roma,381.0
udine,udine,71674.0
ancona,ancona,55615.0
palermo,palermo,207262.0
udine,gorizia,233.0
macerata,macerata,47910.0
ancona,macerata,283.0
frosinone,latina,125.0
macerata,ancona,296.0
frosinone,frosinone,77289.0
gorizia,udine,215.0
gorizia,gorizia,21210.0
la_aquila,la_aquila,42925.0
latina,frosinone,128.0
agrigento,agrigento,55199.0
macerata,fermo,177.0
fermo,macerata,177.0
fermo,fermo,24706.0
latina,caserta,96.0
ascoli_piceno,teramo,291.0
ascoli_piceno,ascoli_piceno,28253.0
teramo,ascoli_piceno,286.0
trieste,trieste,21743.0
teramo,teramo,44826.0
caserta,latina,82.0
frosinone,caserta,55.0
agrigento,caltanissetta,195.0
caltanissetta,agrigento,170.0
caserta,frosinone,74.0
teramo,pescara,83.0
isernia,caserta,51.0
pescara,teramo,76.0
caserta,isernia,68.0
pescara,pescara,46438.0
caltanissetta,caltanissetta,29930.0
pescara,chieti,596.0
brescia,brescia,201231.0
chieti,pescara,618.0
enna,caltanissetta,96.0
caltanissetta,enna,100.0
isernia,isernia,9783.0
caserta,caserta,142177.0
caserta,napoli,2946.0
lucca,massa_carrara,234.0
napoli,caserta,2781.0
napoli,napoli,634599.0
caltanissetta,ragusa,70.0
caserta,benevento,222.0
enna,enna,21390.0
chieti,chieti,52069.0
ragusa,caltanissetta,70.0
benevento,caserta,271.0
parma,parma,79780.0
napoli,benevento,61.0
napoli,salerno,1820.0
napoli,avellino,320.0
catania,ragusa,158.0
benevento,napoli,67.0
salerno,napoli,1810.0
ragusa,catania,155.0
avellino,napoli,365.0
enna,catania,100.0
ragusa,ragusa,50401.0
benevento,benevento,42485.0
benevento,avellino,279.0
campobasso,campobasso,27089.0
avellino,benevento,305.0
salerno,avellino,305.0
avellino,salerno,333.0
ragusa,siracusa,91.0
salerno,salerno,200553.0
avellino,avellino,64713.0
catania,siracusa,384.0
siracusa,catania,458.0
catania,catania,175796.0
siracusa,ragusa,79.0
siracusa,siracusa,51187.0
catania,messina,304.0
messina,catania,355.0
messina,messina,71134.0
salerno,potenza,46.0
foggia,foggia,83769.0
reggio_calabria,messina,16.0
potenza,potenza,44750.0
foggia,barletta_andria_trani,79.0
reggio_calabria,reggio_calabria,53780.0
reggio_calabria,vibo_valentia,56.0
vibo_valentia,reggio_calabria,48.0
barletta_andria_trani,foggia,84.0
livorno,pisa,637.0
vibo_valentia,vibo_valentia,15825.0
parma,reggio_emilia,341.0
reggio_calabria,catanzaro,37.0
barletta_andria_trani,barletta_andria_trani,51525.0
cosenza,cosenza,97116.0
catanzaro,vibo_valentia,22.0
livorno,livorno,51953.0
barletta_andria_trani,bari,337.0
bari,barletta_andria_trani,340.0
catanzaro,catanzaro,43860.0
bari,matera,30.0
matera,matera,28496.0
brescia,bergamo,680.0
cremona,mantova,125.0
bari,bari,199991.0
crotone,catanzaro,26.0
brescia,mantova,212.0
taranto,matera,29.0
crotone,crotone,22435.0
mantova,cremona,122.0
taranto,taranto,95928.0
taranto,bari,79.0
bari,taranto,63.0
lucca,lucca,58346.0
bari,brindisi,185.0
brindisi,bari,221.0
taranto,brindisi,332.0
brindisi,taranto,340.0
pisa,livorno,681.0
brindisi,brindisi,65791.0
brindisi,lecce,158.0
reggio_emilia,parma,331.0
lecce,brindisi,143.0
lecce,lecce,120674.0
lucca,pisa,334.0
pisa,lucca,321.0
mantova,brescia,210.0
pisa,pisa,87854.0
trento,brescia,15.0
reggio_emilia,reggio_emilia,93989.0
brescia,verona,54.0
lucca,pistoia,305.0
reggio_emilia,mantova,174.0
cremona,brescia,123.0
pisa,pistoia,108.0
verona,brescia,70.0
mantova,reggio_emilia,162.0
pistoia,lucca,284.0
mantova,mantova,73480.0
reggio_emilia,modena,847.0
pistoia,pisa,113.0
pisa,firenze,423.0
mantova,verona,99.0
pistoia,firenze,303.0
modena,reggio_emilia,905.0
firenze,pisa,389.0
aosta,aosta,18570.0
torino,cuneo,244.0
cuneo,torino,294.0
pistoia,pistoia,45494.0
verona,mantova,127.0
torino,torino,385451.0
massa_carrara,la_spezia,200.0
pistoia,prato,497.0
cuneo,cuneo,85192.0
imperia,imperia,25198.0
torino,biella,72.0
torino,asti,122.0
torino,vercelli,84.0
biella,torino,90.0
asti,torino,197.0
vercelli,torino,116.0
biella,biella,26198.0
savona,imperia,64.0
cuneo,asti,206.0
biella,vercelli,74.0
asti,cuneo,208.0
modena,modena,127074.0
asti,asti,35036.0
vercelli,biella,70.0
mantova,modena,64.0
vercelli,vercelli,29039.0
firenze,pistoia,283.0
savona,savona,44906.0
verona,verona,156510.0
asti,alessandria,103.0
vercelli,novara,141.0
vercelli,alessandria,11.0
alessandria,asti,102.0
prato,pistoia,446.0
imperia,savona,56.0
verbano_cusio_ossola,novara,55.0
novara,verbano_cusio_ossola,52.0
savona,genova,88.0
alessandria,vercelli,26.0
pavia,novara,33.0
genova,savona,56.0
genova,alessandria,16.0
milano,brescia,25.0
verona,padova,62.0
milano,cremona,88.0
genova,la_spezia,31.0
rovigo,mantova,36.0
la_spezia,genova,41.0
piacenza,parma,49.0
parma,piacenza,64.0
bologna,forli_cesena,13.0
bologna,firenze,15.0
siena,perugia,52.0
ferrara,ravenna,53.0
perugia,terni,47.0
rimini,ravenna,11.0
terni,rieti,21.0
venezia,pordenone,46.0
ancona,pesaro_e_urbino,35.0
rieti,la_aquila,30.0
gorizia,trieste,57.0
frosinone,napoli,61.0
fermo,ascoli_piceno,70.0
palermo,roma,17.0
ascoli_piceno,fermo,74.0
la_aquila,frosinone,24.0
trieste,gorizia,61.0
la_aquila,pescara,28.0
pescara,la_aquila,33.0
caltanissetta,palermo,26.0
napoli,frosinone,49.0
caltanissetta,catania,43.0
enna,messina,29.0
catania,caltanissetta,40.0
catania,enna,52.0
messina,reggio_calabria,26.0
potenza,salerno,38.0
livorno,firenze,47.0
potenza,matera,11.0
cosenza,catanzaro,49.0
catanzaro,cosenza,68.0
catanzaro,reggio_calabria,29.0
matera,bari,16.0
matera,taranto,28.0
catanzaro,crotone,17.0
crotone,cosenza,29.0
modena,parma,10.0
torino,novara,16.0
alessandria,torino,10.0
grosseto,siena,11.0
alessandria,genova,23.0
bologna,parma,13.0
firenze,bologna,16.0
siena,grosseto,13.0
forli_cesena,bologna,22.0
roma,napoli,10.0
rieti,terni,23.0
la_aquila,roma,18.0
agrigento,palermo,21.0
palermo,agrigento,10.0
frosinone,la_aquila,17.0
trieste,udine,19.0
napoli,roma,20.0
messina,enna,18.0
salerno,caserta,16.0
brescia,milano,30.0
vibo_valentia,catanzaro,12.0
matera,potenza,14.0
matera,cosenza,15.0
cosenza,crotone,21.0
lucca,firenze,22.0
taranto,lecce,16.0
