brescia,bergamo,958.0
verona,mantova,305.0
pistoia,prato,639.0
aosta,aosta,18944.0
modena,modena,127102.0
verona,verona,156053.0
firenze,pistoia,354.0
cuneo,torino,277.0
torino,cuneo,265.0
modena,mantova,166.0
prato,pistoia,646.0
torino,torino,391182.0
mantova,modena,142.0
modena,bologna,786.0
cuneo,cuneo,85062.0
prato,prato,58355.0
imperia,imperia,24370.0
torino,aosta,24.0
torino,asti,166.0
prato,firenze,1434.0
torino,biella,107.0
torino,vercelli,111.0
trento,trento,71990.0
firenze,siena,198.0
asti,torino,161.0
biella,torino,110.0
siena,firenze,220.0
imperia,savona,68.0
biella,biella,26265.0
vercelli,torino,106.0
savona,imperia,71.0
cuneo,asti,311.0
grosseto,grosseto,33753.0
biella,vercelli,106.0
asti,cuneo,304.0
asti,asti,34349.0
vercelli,biella,106.0
firenze,prato,1431.0
firenze,firenze,189604.0
vercelli,vercelli,28321.0
vercelli,alessandria,78.0
asti,alessandria,138.0
savona,savona,44636.0
vercelli,novara,287.0
verbano_cusio_ossola,novara,42.0
bologna,modena,845.0
alessandria,asti,149.0
verbano_cusio_ossola,verbano_cusio_ossola,27413.0
novara,verbano_cusio_ossola,50.0
trento,bolzano_bozen,167.0
alessandria,vercelli,52.0
mantova,rovigo,98.0
savona,genova,131.0
novara,vercelli,283.0
verona,vicenza,469.0
novara,novara,59548.0
modena,ferrara,131.0
sassari,sassari,43336.0
verbano_cusio_ossola,varese,109.0
novara,varese,318.0
pavia,vercelli,18.0
alessandria,alessandria,68329.0
rovigo,mantova,83.0
oristano,oristano,19795.0
varese,novara,324.0
varese,verbano_cusio_ossola,109.0
ferrara,modena,116.0
novara,milano,254.0
bolzano_bozen,trento,188.0
bologna,ferrara,627.0
alessandria,genova,72.0
varese,varese,160994.0
pavia,novara,39.0
bologna,bologna,190768.0
verona,padova,97.0
genova,savona,126.0
alessandria,pavia,212.0
varese,como,1279.0
varese,milano,2283.0
pavia,alessandria,165.0
cremona,brescia,181.0
como,varese,1283.0
genova,genova,127568.0
milano,varese,2337.0
milano,novara,255.0
pavia,pavia,103255.0
como,como,116055.0
cagliari,cagliari,76079.0
como,milano,700.0
milano,como,690.0
pavia,milano,1339.0
milano,pavia,1410.0
vicenza,verona,462.0
milano,milano,609809.0
como,lecco,479.0
milano,piacenza,39.0
milano,lecco,253.0
nuoro,nuoro,14777.0
milano,lodi,911.0
lecco,como,484.0
bolzano_bozen,bolzano_bozen,63568.0
pavia,piacenza,201.0
como,sondrio,89.0
lecco,sondrio,26.0
milano,cremona,199.0
siena,siena,45141.0
pavia,lodi,329.0
milano,bergamo,1022.0
lecco,lecco,53965.0
firenze,arezzo,221.0
lecco,milano,220.0
lodi,milano,849.0
lecco,bergamo,338.0
ferrara,bologna,578.0
piacenza,pavia,222.0
grosseto,siena,65.0
lodi,pavia,322.0
sondrio,como,85.0
lodi,lodi,34471.0
lodi,cremona,198.0
bergamo,lecco,340.0
bergamo,milano,970.0
cremona,milano,174.0
cremona,bergamo,210.0
la_spezia,genova,47.0
piacenza,lodi,218.0
lodi,piacenza,217.0
cremona,lodi,210.0
bergamo,cremona,215.0
bergamo,bergamo,184518.0
padova,verona,102.0
piacenza,piacenza,56744.0
sondrio,sondrio,26014.0
la_spezia,la_spezia,38663.0
cremona,cremona,51293.0
la_spezia,massa_carrara,432.0
bergamo,brescia,979.0
vicenza,vicenza,119080.0
piacenza,parma,88.0
piacenza,cremona,557.0
massa_carrara,massa_carrara,33167.0
arezzo,firenze,207.0
padova,rovigo,363.0
vicenza,padova,947.0
bologna,ravenna,372.0
ferrara,ferrara,57667.0
ferrara,rovigo,268.0
vicenza,treviso,324.0
padova,vicenza,1002.0
rovigo,padova,331.0
siena,arezzo,115.0
arezzo,arezzo,58939.0
arezzo,siena,122.0
rovigo,ferrara,273.0
massa_carrara,lucca,293.0
ferrara,ravenna,75.0
ravenna,bologna,369.0
treviso,vicenza,319.0
padova,padova,157779.0
rovigo,rovigo,34431.0
siena,perugia,63.0
padova,treviso,584.0
treviso,padova,584.0
ravenna,ferrara,84.0
padova,venezia,1367.0
perugia,siena,65.0
treviso,belluno,73.0
ravenna,ravenna,74803.0
arezzo,perugia,266.0
venezia,padova,1369.0
roma,viterbo,188.0
viterbo,viterbo,49668.0
belluno,belluno,27477.0
forli_cesena,ravenna,582.0
perugia,arezzo,242.0
rovigo,venezia,70.0
ravenna,forli_cesena,565.0
viterbo,terni,158.0
forli_cesena,forli_cesena,68570.0
treviso,treviso,137847.0
viterbo,roma,161.0
venezia,rovigo,73.0
terni,viterbo,173.0
treviso,venezia,1204.0
venezia,venezia,121662.0
venezia,treviso,1165.0
terni,perugia,129.0
brescia,cremona,195.0
forli_cesena,rimini,366.0
rimini,forli_cesena,378.0
perugia,perugia,111773.0
perugia,terni,115.0
terni,terni,36991.0
treviso,pordenone,369.0
roma,roma,814473.0
pordenone,treviso,369.0
rimini,rimini,43842.0
roma,rieti,303.0
roma,latina,1490.0
pordenone,pordenone,49464.0
rieti,roma,296.0
rimini,pesaro_e_urbino,219.0
latina,roma,1439.0
trapani,trapani,46876.0
venezia,pordenone,154.0
pordenone,venezia,139.0
pesaro_e_urbino,rimini,207.0
pesaro_e_urbino,pesaro_e_urbino,56068.0
rieti,rieti,21634.0
pordenone,udine,93.0
roma,frosinone,340.0
trapani,palermo,152.0
venezia,udine,106.0
roma,la_aquila,40.0
udine,venezia,98.0
udine,pordenone,104.0
la_aquila,rieti,51.0
latina,latina,83334.0
ancona,pesaro_e_urbino,92.0
pesaro_e_urbino,ancona,109.0
palermo,trapani,157.0
frosinone,roma,334.0
udine,udine,71765.0
ancona,ancona,55367.0
udine,gorizia,336.0
palermo,palermo,213130.0
macerata,ancona,469.0
ancona,macerata,434.0
macerata,macerata,48760.0
frosinone,latina,86.0
frosinone,frosinone,75798.0
gorizia,trieste,83.0
gorizia,udine,339.0
gorizia,gorizia,21771.0
la_aquila,la_aquila,43058.0
agrigento,agrigento,55683.0
macerata,fermo,209.0
la_aquila,frosinone,20.0
fermo,macerata,198.0
frosinone,caserta,86.0
fermo,fermo,24837.0
ascoli_piceno,fermo,93.0
ascoli_piceno,ascoli_piceno,28490.0
ascoli_piceno,teramo,418.0
latina,caserta,88.0
trieste,gorizia,85.0
latina,frosinone,86.0
fermo,ascoli_piceno,77.0
trieste,trieste,22316.0
teramo,ascoli_piceno,425.0
agrigento,caltanissetta,161.0
teramo,teramo,44647.0
pescara,la_aquila,22.0
caserta,latina,92.0
brescia,brescia,200777.0
caltanissetta,agrigento,200.0
teramo,pescara,63.0
caserta,frosinone,95.0
isernia,caserta,81.0
caserta,isernia,68.0
pescara,pescara,46404.0
caltanissetta,caltanissetta,30350.0
pescara,chieti,831.0
caltanissetta,enna,95.0
enna,caltanissetta,121.0
chieti,pescara,826.0
isernia,isernia,9626.0
lucca,massa_carrara,264.0
caserta,caserta,141999.0
caserta,napoli,3630.0
napoli,caserta,3503.0
napoli,frosinone,74.0
napoli,napoli,635433.0
caserta,salerno,85.0
caltanissetta,ragusa,86.0
parma,parma,80102.0
caserta,benevento,211.0
enna,enna,21972.0
chieti,chieti,51642.0
cremona,piacenza,535.0
benevento,caserta,205.0
napoli,benevento,69.0
napoli,salerno,1569.0
catania,ragusa,203.0
napoli,avellino,223.0
salerno,caserta,47.0
salerno,napoli,1621.0
benevento,napoli,73.0
ragusa,catania,221.0
chieti,campobasso,26.0
avellino,napoli,229.0
ragusa,ragusa,51496.0
benevento,benevento,42228.0
enna,catania,39.0
avellino,benevento,229.0
salerno,avellino,374.0
campobasso,campobasso,27070.0
benevento,avellino,232.0
ragusa,siracusa,85.0
avellino,salerno,368.0
salerno,salerno,201313.0
campobasso,chieti,12.0
avellino,avellino,65017.0
catania,enna,64.0
siracusa,catania,332.0
catania,siracusa,329.0
catania,catania,179110.0
siracusa,ragusa,102.0
siracusa,siracusa,51682.0
catania,messina,220.0
messina,catania,220.0
messina,messina,72778.0
cremona,parma,36.0
salerno,potenza,44.0
foggia,foggia,84146.0
potenza,salerno,37.0
livorno,pisa,798.0
reggio_calabria,messina,10.0
potenza,potenza,45184.0
reggio_calabria,reggio_calabria,54041.0
parma,reggio_emilia,718.0
cremona,mantova,208.0
vibo_valentia,reggio_calabria,19.0
livorno,livorno,51813.0
barletta_andria_trani,foggia,67.0
vibo_valentia,vibo_valentia,16215.0
catanzaro,vibo_valentia,12.0
barletta_andria_trani,barletta_andria_trani,51525.0
cosenza,cosenza,98793.0
brescia,mantova,292.0
barletta_andria_trani,bari,392.0
bari,barletta_andria_trani,379.0
catanzaro,catanzaro,44205.0
lucca,lucca,58463.0
bari,matera,71.0
matera,matera,28815.0
matera,bari,75.0
parma,piacenza,84.0
mantova,cremona,226.0
bari,bari,200541.0
pisa,livorno,830.0
taranto,matera,30.0
crotone,crotone,23131.0
bari,taranto,64.0
reggio_emilia,parma,724.0
taranto,taranto,96264.0
bari,brindisi,182.0
mantova,parma,15.0
taranto,brindisi,359.0
brindisi,bari,175.0
brindisi,taranto,346.0
brescia,trento,13.0
brindisi,brindisi,65723.0
mantova,brescia,307.0
brindisi,lecce,155.0
lecce,brindisi,152.0
lucca,pisa,518.0
lecce,lecce,120690.0
pisa,pisa,88223.0
brescia,verona,71.0
pisa,lucca,488.0
reggio_emilia,reggio_emilia,93952.0
lucca,pistoia,417.0
pisa,pistoia,94.0
massa_carrara,la_spezia,432.0
mantova,reggio_emilia,364.0
reggio_emilia,mantova,349.0
reggio_emilia,modena,1318.0
mantova,mantova,71641.0
pistoia,pisa,101.0
pistoia,lucca,407.0
pisa,firenze,552.0
mantova,verona,292.0
firenze,pisa,593.0
pistoia,pistoia,44996.0
modena,reggio_emilia,1323.0
pistoia,firenze,351.0
verona,trento,28.0
verona,brescia,69.0
modena,parma,11.0
trento,verona,28.0
vercelli,pavia,30.0
novara,biella,21.0
novara,pavia,63.0
genova,alessandria,81.0
genova,la_spezia,49.0
siena,grosseto,46.0
bologna,forli_cesena,12.0
viterbo,grosseto,12.0
belluno,treviso,60.0
terni,roma,10.0
la_aquila,roma,26.0
rieti,la_aquila,37.0
brescia,milano,11.0
frosinone,napoli,86.0
pescara,teramo,68.0
palermo,messina,10.0
caltanissetta,catania,17.0
ragusa,caltanissetta,75.0
messina,reggio_calabria,13.0
foggia,barletta_andria_trani,55.0
parma,cremona,46.0
reggio_calabria,vibo_valentia,33.0
lucca,livorno,16.0
cosenza,catanzaro,34.0
catanzaro,cosenza,12.0
catanzaro,crotone,26.0
matera,taranto,13.0
cosenza,crotone,10.0
taranto,bari,50.0
pisa,massa_carrara,13.0
trento,brescia,31.0
firenze,lucca,16.0
aosta,torino,19.0
prato,pisa,11.0
cuneo,savona,10.0
savona,cuneo,15.0
bologna,reggio_emilia,16.0
milano,brescia,14.0
lodi,bergamo,10.0
sondrio,lecco,22.0
piacenza,milano,17.0
la_spezia,livorno,10.0
forli_cesena,bologna,21.0
roma,terni,16.0
roma,napoli,37.0
rieti,terni,21.0
la_aquila,pescara,12.0
isernia,campobasso,12.0
catania,caltanissetta,23.0
livorno,lucca,14.0
potenza,cosenza,11.0
parma,mantova,14.0
vibo_valentia,catanzaro,16.0
catanzaro,reggio_calabria,12.0
matera,cosenza,15.0
crotone,catanzaro,14.0
