brescia,bergamo,832.0
pistoia,firenze,317.0
aosta,aosta,18925.0
pistoia,prato,567.0
modena,modena,127926.0
verona,verona,157168.0
torino,cuneo,231.0
modena,mantova,131.0
cuneo,torino,201.0
prato,pistoia,574.0
torino,torino,392379.0
firenze,pistoia,322.0
cuneo,cuneo,86231.0
mantova,modena,130.0
imperia,imperia,24550.0
torino,asti,123.0
torino,aosta,24.0
modena,bologna,719.0
torino,biella,91.0
prato,prato,58715.0
torino,vercelli,107.0
prato,firenze,1338.0
asti,torino,115.0
firenze,siena,151.0
cuneo,asti,239.0
vercelli,torino,91.0
trento,trento,72521.0
biella,biella,26481.0
imperia,savona,50.0
savona,imperia,53.0
siena,firenze,157.0
asti,cuneo,196.0
biella,vercelli,90.0
asti,asti,35056.0
vercelli,vercelli,28721.0
grosseto,grosseto,34006.0
vercelli,alessandria,71.0
firenze,prato,1323.0
savona,savona,44912.0
asti,alessandria,124.0
vercelli,novara,218.0
trento,bolzano_bozen,150.0
firenze,firenze,190281.0
alessandria,vercelli,59.0
bologna,modena,754.0
alessandria,asti,99.0
verbano_cusio_ossola,verbano_cusio_ossola,27706.0
savona,genova,131.0
modena,ferrara,105.0
novara,vercelli,238.0
pavia,vercelli,24.0
mantova,rovigo,74.0
novara,novara,59906.0
novara,varese,269.0
pavia,novara,50.0
sassari,sassari,43796.0
verbano_cusio_ossola,varese,99.0
verona,vicenza,382.0
varese,novara,270.0
alessandria,alessandria,68792.0
bolzano_bozen,trento,160.0
oristano,oristano,19948.0
varese,verbano_cusio_ossola,94.0
rovigo,mantova,73.0
novara,milano,217.0
ferrara,modena,106.0
bologna,bologna,191505.0
genova,alessandria,82.0
alessandria,genova,76.0
vicenza,verona,373.0
varese,varese,161851.0
genova,savona,134.0
alessandria,pavia,156.0
varese,como,1125.0
verona,padova,82.0
varese,milano,2180.0
milano,novara,224.0
pavia,alessandria,176.0
como,varese,1159.0
genova,genova,127059.0
milano,varese,2192.0
pavia,pavia,104283.0
como,como,117343.0
como,milano,690.0
bolzano_bozen,bolzano_bozen,63867.0
cagliari,cagliari,76367.0
pavia,milano,1285.0
milano,como,720.0
milano,pavia,1342.0
milano,milano,611666.0
bologna,ferrara,544.0
como,lecco,437.0
milano,lecco,234.0
siena,siena,45594.0
milano,lodi,800.0
nuoro,nuoro,14930.0
pavia,piacenza,175.0
como,sondrio,82.0
lecco,como,444.0
lecco,sondrio,23.0
milano,bergamo,867.0
lecco,milano,273.0
ferrara,bologna,547.0
lecco,lecco,54547.0
pavia,lodi,327.0
lodi,milano,830.0
lecco,bergamo,306.0
firenze,arezzo,191.0
lodi,pavia,304.0
piacenza,pavia,159.0
lodi,cremona,179.0
sondrio,como,80.0
lodi,lodi,34901.0
cremona,brescia,150.0
padova,verona,88.0
bergamo,lecco,300.0
bergamo,milano,846.0
cremona,milano,172.0
la_spezia,genova,35.0
cremona,bergamo,199.0
vicenza,vicenza,119286.0
cremona,lodi,190.0
lodi,piacenza,193.0
piacenza,lodi,180.0
bergamo,bergamo,185794.0
piacenza,milano,23.0
piacenza,piacenza,56957.0
bergamo,cremona,206.0
arezzo,firenze,207.0
sondrio,sondrio,26147.0
la_spezia,la_spezia,38611.0
cremona,cremona,51997.0
bergamo,brescia,812.0
piacenza,parma,91.0
la_spezia,massa_carrara,330.0
piacenza,cremona,552.0
padova,rovigo,351.0
vicenza,padova,904.0
bologna,ravenna,376.0
ferrara,ferrara,58362.0
padova,vicenza,902.0
vicenza,treviso,313.0
siena,arezzo,118.0
rovigo,ferrara,251.0
rovigo,padova,335.0
ferrara,rovigo,253.0
arezzo,siena,109.0
arezzo,arezzo,59507.0
massa_carrara,massa_carrara,33885.0
treviso,vicenza,322.0
ravenna,bologna,360.0
ferrara,ravenna,48.0
padova,padova,158900.0
rovigo,rovigo,34595.0
siena,perugia,47.0
padova,treviso,553.0
ravenna,ferrara,54.0
treviso,padova,573.0
perugia,siena,53.0
padova,venezia,1230.0
treviso,belluno,90.0
ravenna,ravenna,75853.0
belluno,treviso,81.0
venezia,padova,1170.0
arezzo,perugia,207.0
viterbo,viterbo,50376.0
belluno,belluno,27615.0
ravenna,forli_cesena,496.0
rovigo,venezia,69.0
forli_cesena,ravenna,510.0
perugia,arezzo,219.0
forli_cesena,forli_cesena,69400.0
viterbo,roma,166.0
treviso,treviso,138827.0
viterbo,terni,134.0
venezia,rovigo,80.0
roma,viterbo,156.0
terni,perugia,93.0
treviso,venezia,1075.0
venezia,treviso,1097.0
venezia,venezia,122390.0
pordenone,belluno,10.0
terni,viterbo,120.0
forli_cesena,rimini,346.0
rimini,forli_cesena,350.0
perugia,perugia,113175.0
treviso,pordenone,331.0
terni,terni,37330.0
roma,roma,815984.0
massa_carrara,lucca,207.0
pordenone,treviso,337.0
rimini,rimini,44538.0
roma,rieti,259.0
perugia,terni,107.0
rimini,pesaro_e_urbino,199.0
rieti,roma,252.0
roma,latina,1324.0
pordenone,pordenone,49784.0
trapani,trapani,46877.0
latina,roma,1325.0
pesaro_e_urbino,rimini,174.0
pordenone,venezia,115.0
venezia,pordenone,118.0
pesaro_e_urbino,pesaro_e_urbino,56208.0
pordenone,udine,84.0
rieti,rieti,22002.0
roma,frosinone,245.0
trapani,palermo,168.0
venezia,udine,106.0
rieti,la_aquila,27.0
roma,la_aquila,21.0
udine,venezia,96.0
pesaro_e_urbino,ancona,72.0
udine,pordenone,89.0
latina,latina,84353.0
palermo,trapani,185.0
ancona,pesaro_e_urbino,58.0
udine,udine,72544.0
frosinone,roma,283.0
ancona,ancona,55863.0
macerata,ancona,368.0
latina,frosinone,70.0
palermo,palermo,212684.0
udine,gorizia,282.0
frosinone,latina,82.0
macerata,macerata,49238.0
ancona,macerata,353.0
frosinone,frosinone,76821.0
gorizia,udine,276.0
gorizia,trieste,56.0
gorizia,gorizia,21795.0
la_aquila,la_aquila,43176.0
macerata,fermo,155.0
agrigento,agrigento,55957.0
fermo,macerata,174.0
fermo,fermo,24984.0
parma,piacenza,90.0
ascoli_piceno,ascoli_piceno,28745.0
ascoli_piceno,teramo,353.0
trieste,gorizia,76.0
latina,caserta,78.0
teramo,ascoli_piceno,364.0
trieste,trieste,22567.0
agrigento,caltanissetta,156.0
teramo,teramo,45105.0
caserta,latina,76.0
brescia,cremona,108.0
la_aquila,pescara,21.0
caltanissetta,agrigento,162.0
teramo,pescara,48.0
caserta,frosinone,63.0
isernia,caserta,55.0
pescara,teramo,56.0
pescara,pescara,47032.0
caltanissetta,caltanissetta,30211.0
pescara,chieti,752.0
caltanissetta,enna,108.0
enna,caltanissetta,99.0
chieti,pescara,731.0
isernia,isernia,9700.0
caltanissetta,catania,47.0
caserta,caserta,142129.0
caserta,napoli,3289.0
napoli,caserta,3330.0
napoli,roma,42.0
brescia,brescia,201194.0
napoli,napoli,634756.0
napoli,frosinone,73.0
caltanissetta,ragusa,100.0
isernia,campobasso,23.0
enna,enna,21909.0
caserta,benevento,189.0
chieti,chieti,52145.0
benevento,caserta,185.0
napoli,salerno,1456.0
catania,ragusa,205.0
napoli,avellino,193.0
benevento,napoli,52.0
ragusa,catania,208.0
salerno,napoli,1452.0
salerno,caserta,72.0
avellino,napoli,218.0
ragusa,ragusa,51190.0
cremona,piacenza,543.0
lucca,massa_carrara,212.0
benevento,benevento,42505.0
catania,enna,28.0
salerno,avellino,326.0
campobasso,campobasso,27535.0
avellino,benevento,221.0
benevento,avellino,210.0
avellino,salerno,308.0
campobasso,chieti,22.0
parma,parma,80677.0
ragusa,siracusa,113.0
salerno,salerno,201749.0
avellino,avellino,65293.0
siracusa,catania,316.0
catania,siracusa,322.0
siracusa,ragusa,127.0
catania,catania,179377.0
siracusa,siracusa,51761.0
catania,messina,207.0
messina,catania,238.0
messina,messina,72978.0
foggia,foggia,84957.0
potenza,salerno,39.0
reggio_calabria,messina,27.0
foggia,bari,15.0
potenza,potenza,45436.0
foggia,barletta_andria_trani,52.0
reggio_calabria,reggio_calabria,53717.0
livorno,pisa,748.0
barletta_andria_trani,foggia,38.0
vibo_valentia,reggio_calabria,43.0
parma,reggio_emilia,638.0
vibo_valentia,vibo_valentia,16153.0
cremona,parma,11.0
cosenza,catanzaro,20.0
catanzaro,vibo_valentia,10.0
barletta_andria_trani,barletta_andria_trani,52155.0
cosenza,cosenza,98975.0
livorno,livorno,52286.0
barletta_andria_trani,bari,369.0
cremona,mantova,189.0
catanzaro,catanzaro,44213.0
bari,barletta_andria_trani,360.0
matera,matera,28836.0
matera,bari,80.0
bari,matera,70.0
matera,taranto,70.0
bari,bari,201839.0
crotone,crotone,23058.0
taranto,matera,67.0
bari,taranto,57.0
lucca,lucca,59053.0
taranto,taranto,95929.0
bari,brindisi,165.0
brescia,mantova,291.0
brindisi,bari,170.0
taranto,brindisi,347.0
brindisi,taranto,374.0
mantova,cremona,187.0
brindisi,brindisi,65559.0
pisa,livorno,777.0
brindisi,lecce,153.0
mantova,brescia,290.0
lecce,brindisi,157.0
reggio_emilia,parma,659.0
lecce,lecce,121221.0
mantova,parma,29.0
brescia,trento,15.0
lucca,pisa,469.0
massa_carrara,la_spezia,327.0
pisa,pisa,88901.0
pisa,lucca,476.0
brescia,verona,80.0
reggio_emilia,reggio_emilia,94662.0
lucca,pistoia,357.0
pisa,pistoia,112.0
mantova,reggio_emilia,317.0
reggio_emilia,mantova,337.0
pistoia,lucca,374.0
mantova,mantova,71827.0
pisa,firenze,485.0
reggio_emilia,modena,1239.0
pistoia,pisa,100.0
verona,mantova,244.0
verona,brescia,77.0
firenze,pisa,462.0
mantova,verona,275.0
pistoia,pistoia,45352.0
modena,reggio_emilia,1290.0
torino,alessandria,11.0
aosta,torino,12.0
biella,torino,82.0
vercelli,biella,62.0
vercelli,pavia,37.0
verbano_cusio_ossola,novara,25.0
firenze,livorno,14.0
milano,piacenza,34.0
milano,cremona,195.0
genova,la_spezia,28.0
sondrio,lecco,26.0
piacenza,brescia,10.0
siena,grosseto,28.0
la_aquila,rieti,28.0
palermo,agrigento,12.0
frosinone,napoli,53.0
frosinone,la_aquila,10.0
fermo,ascoli_piceno,57.0
ascoli_piceno,fermo,53.0
frosinone,caserta,54.0
caserta,isernia,50.0
caserta,salerno,46.0
napoli,benevento,46.0
ragusa,caltanissetta,91.0
campobasso,isernia,10.0
enna,catania,23.0
catania,caltanissetta,30.0
salerno,potenza,42.0
reggio_calabria,vibo_valentia,31.0
reggio_calabria,catanzaro,22.0
catanzaro,cosenza,13.0
bari,foggia,10.0
crotone,catanzaro,22.0
taranto,bari,44.0
lucca,livorno,17.0
siena,pisa,10.0
firenze,lucca,20.0
novara,verbano_cusio_ossola,20.0
verona,rovigo,11.0
novara,pavia,42.0
milano,brescia,12.0
milano,genova,10.0
lodi,bergamo,11.0
ravenna,rimini,11.0
la_aquila,frosinone,14.0
pescara,la_aquila,18.0
chieti,campobasso,17.0
messina,reggio_calabria,14.0
parma,cremona,16.0
potenza,cosenza,11.0
parma,mantova,27.0
vibo_valentia,catanzaro,15.0
catanzaro,reggio_calabria,10.0
catanzaro,crotone,13.0
matera,cosenza,13.0
pisa,massa_carrara,11.0
lecce,bari,13.0
trento,brescia,19.0
reggio_emilia,bologna,12.0
