cremona,piacenza,643.0
reggio_emilia,mantova,476.0
pisa,pistoia,252.0
mantova,reggio_emilia,467.0
pisa,firenze,1032.0
mantova,mantova,68098.0
reggio_emilia,modena,1978.0
pistoia,lucca,682.0
massa_carrara,la_spezia,713.0
verona,brescia,256.0
pistoia,pisa,257.0
mantova,verona,532.0
aosta,aosta,24398.0
verona,trento,177.0
pistoia,pistoia,42505.0
pistoia,firenze,684.0
cuneo,torino,706.0
torino,cuneo,721.0
modena,reggio_emilia,1911.0
verona,mantova,529.0
torino,torino,381375.0
torino,milano,141.0
firenze,pisa,1172.0
cuneo,cuneo,82683.0
torino,asti,443.0
aosta,torino,134.0
pistoia,prato,1170.0
imperia,imperia,23118.0
torino,biella,230.0
torino,vercelli,205.0
torino,aosta,120.0
biella,torino,214.0
asti,torino,405.0
cuneo,asti,473.0
biella,biella,24951.0
imperia,savona,177.0
biella,vercelli,257.0
vercelli,torino,222.0
asti,cuneo,424.0
asti,asti,32025.0
savona,imperia,188.0
modena,modena,121924.0
vercelli,biella,256.0
vercelli,vercelli,27045.0
verona,verona,150878.0
asti,alessandria,276.0
savona,savona,44517.0
vercelli,novara,372.0
mantova,modena,220.0
vercelli,alessandria,90.0
modena,mantova,213.0
alessandria,asti,332.0
verbano_cusio_ossola,verbano_cusio_ossola,26782.0
modena,bologna,1225.0
verbano_cusio_ossola,novara,186.0
novara,verbano_cusio_ossola,158.0
novara,vercelli,358.0
prato,pistoia,1258.0
alessandria,vercelli,119.0
savona,genova,274.0
firenze,siena,325.0
novara,varese,694.0
prato,prato,54115.0
novara,novara,55926.0
sassari,sassari,41697.0
verbano_cusio_ossola,varese,249.0
prato,firenze,2466.0
alessandria,alessandria,65965.0
firenze,pistoia,753.0
oristano,oristano,19038.0
novara,pavia,125.0
varese,verbano_cusio_ossola,252.0
varese,novara,745.0
novara,milano,555.0
pavia,novara,129.0
alessandria,genova,236.0
varese,varese,151235.0
prato,lucca,82.0
alessandria,pavia,301.0
genova,savona,317.0
genova,alessandria,247.0
varese,como,2077.0
varese,milano,4182.0
siena,firenze,325.0
genova,sassari,14.0
trento,trento,83843.0
pavia,alessandria,281.0
genova,cuneo,103.0
firenze,lucca,105.0
como,varese,2186.0
genova,genova,119940.0
grosseto,grosseto,32571.0
firenze,prato,2446.0
milano,varese,4528.0
pavia,pavia,98097.0
milano,novara,617.0
firenze,firenze,180455.0
pavia,milano,2155.0
como,como,107748.0
como,milano,1791.0
cagliari,cagliari,71261.0
milano,vercelli,33.0
milano,pavia,2326.0
milano,como,1864.0
milano,milano,567697.0
trento,bolzano_bozen,446.0
milano,torino,214.0
milano,sondrio,122.0
milano,brescia,220.0
milano,bologna,72.0
bologna,modena,1191.0
mantova,rovigo,106.0
milano,aosta,175.0
como,lecco,885.0
milano,lecco,794.0
genova,la_spezia,165.0
modena,ferrara,195.0
milano,lodi,1189.0
milano,bergamo,1754.0
milano,cremona,284.0
nuoro,nuoro,13980.0
firenze,roma,180.0
lecco,como,903.0
pavia,piacenza,184.0
como,sondrio,202.0
lecco,sondrio,63.0
verona,vicenza,676.0
lecco,milano,691.0
lecco,lecco,50375.0
pavia,lodi,358.0
piacenza,pavia,226.0
lecco,bergamo,534.0
lodi,milano,1146.0
lodi,pavia,349.0
sondrio,lecco,65.0
sondrio,como,217.0
lodi,lodi,32978.0
lodi,cremona,226.0
rovigo,mantova,108.0
la_spezia,genova,146.0
bolzano_bozen,trento,486.0
bergamo,lecco,574.0
cremona,milano,252.0
bergamo,milano,1548.0
lodi,piacenza,122.0
ferrara,modena,174.0
cremona,lodi,201.0
piacenza,lodi,88.0
bergamo,cremona,221.0
cremona,bergamo,205.0
bergamo,bergamo,178277.0
piacenza,milano,63.0
piacenza,piacenza,54936.0
la_spezia,savona,206.0
cremona,brescia,204.0
la_spezia,la_spezia,35530.0
sondrio,sondrio,30709.0
cremona,cremona,49575.0
verona,padova,177.0
bergamo,brescia,1532.0
la_spezia,massa_carrara,756.0
piacenza,parma,161.0
piacenza,cremona,676.0
bologna,ferrara,866.0
bologna,bologna,180465.0
bologna,firenze,104.0
massa_carrara,massa_carrara,31011.0
vicenza,verona,734.0
siena,siena,43353.0
firenze,arezzo,444.0
ferrara,bologna,791.0
bolzano_bozen,bolzano_bozen,71617.0
siena,grosseto,59.0
bologna,forli_cesena,93.0
brescia,milano,122.0
padova,verona,206.0
vicenza,vicenza,112807.0
arezzo,firenze,451.0
vicenza,padova,1404.0
padova,rovigo,542.0
ferrara,ferrara,55267.0
bologna,ravenna,620.0
ferrara,rovigo,474.0
rovigo,padova,532.0
vicenza,treviso,523.0
padova,vicenza,1510.0
siena,arezzo,171.0
arezzo,arezzo,56513.0
rovigo,ferrara,456.0
massa_carrara,pisa,54.0
arezzo,siena,185.0
roma,sassari,13.0
ravenna,bologna,565.0
padova,padova,150251.0
brescia,cremona,220.0
treviso,vicenza,536.0
roma,palermo,25.0
rovigo,rovigo,33343.0
bolzano_bozen,belluno,226.0
padova,treviso,926.0
siena,perugia,94.0
ferrara,ravenna,119.0
belluno,bolzano_bozen,237.0
massa_carrara,lucca,436.0
ravenna,ferrara,112.0
treviso,padova,977.0
padova,venezia,2061.0
perugia,siena,106.0
belluno,treviso,184.0
roma,genova,32.0
ravenna,ravenna,71169.0
arezzo,perugia,368.0
viterbo,viterbo,47526.0
venezia,padova,2042.0
treviso,belluno,227.0
venezia,rovigo,188.0
belluno,belluno,30859.0
forli_cesena,ravenna,804.0
ravenna,forli_cesena,739.0
viterbo,roma,487.0
rovigo,venezia,178.0
perugia,arezzo,327.0
forli_cesena,forli_cesena,64559.0
treviso,treviso,128581.0
viterbo,terni,262.0
treviso,venezia,1889.0
terni,viterbo,298.0
venezia,venezia,112709.0
roma,viterbo,728.0
venezia,treviso,1860.0
forli_cesena,rimini,581.0
terni,perugia,196.0
terni,roma,97.0
rimini,forli_cesena,588.0
perugia,perugia,109376.0
treviso,pordenone,604.0
terni,terni,35827.0
roma,roma,802250.0
roma,napoli,353.0
roma,terni,96.0
perugia,terni,176.0
rimini,rimini,39971.0
roma,caserta,53.0
pordenone,treviso,570.0
roma,rieti,698.0
roma,latina,2589.0
rimini,pesaro_e_urbino,378.0
pordenone,pordenone,46629.0
rieti,roma,574.0
trapani,trapani,44325.0
latina,roma,2369.0
pesaro_e_urbino,rimini,392.0
roma,frosinone,764.0
pordenone,venezia,297.0
pesaro_e_urbino,pesaro_e_urbino,52630.0
venezia,pordenone,309.0
rieti,rieti,20694.0
roma,la_aquila,194.0
pordenone,udine,197.0
trapani,palermo,354.0
venezia,udine,158.0
udine,venezia,182.0
latina,latina,80437.0
rieti,la_aquila,76.0
pesaro_e_urbino,ancona,150.0
udine,pordenone,177.0
ancona,pesaro_e_urbino,149.0
la_aquila,rieti,87.0
palermo,trapani,400.0
udine,udine,68287.0
frosinone,roma,558.0
ancona,ancona,51841.0
udine,gorizia,620.0
palermo,palermo,208522.0
macerata,macerata,46068.0
ancona,macerata,655.0
latina,frosinone,171.0
frosinone,latina,179.0
macerata,ancona,639.0
frosinone,frosinone,74793.0
gorizia,udine,620.0
gorizia,gorizia,21128.0
gorizia,trieste,172.0
palermo,agrigento,72.0
la_aquila,la_aquila,44882.0
agrigento,agrigento,54804.0
macerata,fermo,403.0
frosinone,la_aquila,46.0
fermo,macerata,395.0
fermo,fermo,23354.0
fermo,ascoli_piceno,152.0
ascoli_piceno,ascoli_piceno,27050.0
latina,caserta,190.0
ascoli_piceno,teramo,743.0
trieste,gorizia,146.0
ascoli_piceno,fermo,139.0
trieste,trieste,20642.0
teramo,ascoli_piceno,730.0
agrigento,caltanissetta,250.0
frosinone,caserta,114.0
teramo,teramo,43312.0
caserta,latina,185.0
la_aquila,pescara,85.0
caltanissetta,agrigento,259.0
caserta,frosinone,128.0
pescara,la_aquila,98.0
teramo,pescara,230.0
brescia,brescia,193576.0
isernia,caserta,87.0
pescara,teramo,210.0
caserta,isernia,91.0
pescara,pescara,44820.0
caltanissetta,caltanissetta,28497.0
caltanissetta,enna,139.0
pescara,chieti,1537.0
chieti,pescara,1539.0
enna,caltanissetta,134.0
isernia,isernia,9299.0
napoli,la_aquila,82.0
caserta,caserta,138049.0
napoli,caserta,5438.0
caltanissetta,catania,54.0
caserta,napoli,5565.0
napoli,roma,194.0
napoli,frosinone,95.0
napoli,napoli,614949.0
caltanissetta,ragusa,113.0
caserta,benevento,426.0
enna,enna,20846.0
chieti,chieti,50150.0
benevento,caserta,427.0
napoli,benevento,193.0
napoli,salerno,3484.0
napoli,avellino,600.0
parma,parma,78046.0
campobasso,isernia,62.0
catania,ragusa,302.0
salerno,napoli,3392.0
benevento,napoli,183.0
ragusa,catania,260.0
enna,catania,144.0
chieti,campobasso,114.0
lucca,massa_carrara,390.0
avellino,napoli,639.0
ragusa,ragusa,50035.0
benevento,benevento,41146.0
benevento,avellino,421.0
salerno,avellino,644.0
campobasso,campobasso,26256.0
catania,caltanissetta,90.0
avellino,benevento,425.0
avellino,salerno,618.0
ragusa,siracusa,217.0
salerno,salerno,196627.0
catania,enna,161.0
avellino,avellino,62724.0
campobasso,chieti,81.0
catania,siracusa,561.0
siracusa,ragusa,226.0
catania,catania,177077.0
siracusa,catania,577.0
siracusa,siracusa,48303.0
catania,messina,621.0
foggia,campobasso,22.0
messina,catania,609.0
messina,messina,68563.0
salerno,potenza,102.0
foggia,potenza,12.0
foggia,foggia,81897.0
potenza,foggia,47.0
potenza,salerno,99.0
potenza,potenza,43304.0
foggia,barletta_andria_trani,98.0
reggio_calabria,reggio_calabria,50458.0
parma,cremona,63.0
vibo_valentia,reggio_calabria,64.0
reggio_calabria,vibo_valentia,60.0
vibo_valentia,vibo_valentia,15214.0
barletta_andria_trani,foggia,95.0
parma,mantova,63.0
vibo_valentia,catanzaro,81.0
cosenza,catanzaro,81.0
barletta_andria_trani,barletta_andria_trani,49404.0
cosenza,cosenza,95642.0
catanzaro,vibo_valentia,56.0
parma,reggio_emilia,800.0
catanzaro,cosenza,76.0
barletta_andria_trani,bari,762.0
livorno,pisa,1417.0
catanzaro,catanzaro,42452.0
bari,barletta_andria_trani,819.0
livorno,livorno,49442.0
matera,matera,28155.0
matera,bari,202.0
bari,matera,178.0
cosenza,matera,53.0
matera,taranto,82.0
catanzaro,crotone,55.0
bari,bari,192945.0
crotone,catanzaro,56.0
taranto,matera,84.0
crotone,crotone,22040.0
cremona,mantova,283.0
taranto,bari,150.0
bari,taranto,187.0
taranto,taranto,94875.0
bari,brindisi,387.0
brindisi,bari,376.0
taranto,brindisi,706.0
brescia,mantova,514.0
brindisi,taranto,610.0
brindisi,brindisi,63584.0
lucca,lucca,54264.0
brindisi,lecce,354.0
mantova,cremona,242.0
pisa,livorno,1437.0
lecce,brindisi,322.0
brescia,bergamo,1476.0
lecce,lecce,120005.0
mantova,brescia,565.0
lucca,pisa,904.0
reggio_emilia,parma,769.0
brescia,verona,261.0
pisa,lucca,899.0
pisa,pisa,83473.0
brescia,trento,244.0
parma,piacenza,129.0
mantova,parma,63.0
reggio_emilia,reggio_emilia,89863.0
lucca,pistoia,702.0
lucca,prato,51.0
reggio_emilia,bologna,83.0
trento,brescia,238.0
lecce,taranto,32.0
lucca,firenze,52.0
pisa,prato,36.0
modena,pistoia,53.0
torino,savona,112.0
torino,genova,36.0
torino,varese,11.0
torino,alessandria,37.0
torino,roma,17.0
torino,imperia,15.0
imperia,cuneo,20.0
verona,bolzano_bozen,21.0
vercelli,aosta,59.0
cuneo,savona,68.0
biella,novara,37.0
modena,parma,36.0
vercelli,milano,32.0
savona,cuneo,67.0
novara,biella,58.0
pavia,vercelli,36.0
novara,torino,10.0
trento,verona,206.0
genova,milano,72.0
prato,livorno,13.0
milano,savona,105.0
milano,verbano_cusio_ossola,75.0
milano,alessandria,45.0
milano,genova,153.0
milano,napoli,22.0
como,bergamo,11.0
milano,verona,42.0
milano,firenze,40.0
milano,roma,73.0
milano,piacenza,58.0
firenze,livorno,108.0
bergamo,trento,14.0
firenze,bologna,93.0
bologna,roma,47.0
bologna,reggio_emilia,52.0
bologna,rimini,33.0
grosseto,siena,40.0
rovigo,verona,32.0
vicenza,trento,103.0
viterbo,grosseto,21.0
bolzano_bozen,verona,41.0
trento,belluno,63.0
padova,trento,28.0
padova,belluno,21.0
belluno,trento,65.0
forli_cesena,bologna,49.0
venezia,vicenza,37.0
venezia,belluno,36.0
roma,catania,16.0
roma,pisa,13.0
perugia,roma,30.0
rimini,ravenna,26.0
roma,firenze,116.0
roma,pescara,13.0
roma,perugia,34.0
roma,milano,46.0
roma,salerno,44.0
terni,rieti,50.0
rieti,terni,44.0
la_aquila,roma,95.0
udine,trieste,119.0
agrigento,palermo,17.0
palermo,catania,61.0
frosinone,napoli,86.0
la_aquila,frosinone,34.0
palermo,caltanissetta,35.0
trieste,udine,111.0
isernia,la_aquila,12.0
napoli,latina,55.0
caserta,salerno,53.0
isernia,campobasso,54.0
ragusa,caltanissetta,106.0
brescia,sondrio,23.0
messina,enna,16.0
avellino,caserta,32.0
salerno,caserta,24.0
catania,palermo,56.0
livorno,lucca,37.0
avellino,foggia,12.0
foggia,bari,13.0
reggio_calabria,messina,31.0
parma,bologna,40.0
cosenza,potenza,34.0
potenza,matera,27.0
cremona,parma,48.0
reggio_calabria,catanzaro,36.0
catanzaro,reggio_calabria,41.0
livorno,firenze,83.0
cosenza,crotone,36.0
crotone,cosenza,46.0
pisa,massa_carrara,51.0
bari,foggia,24.0
matera,cosenza,27.0
bari,lecce,12.0
pisa,la_spezia,10.0
taranto,lecce,11.0
livorno,prato,18.0
lucca,livorno,27.0
reggio_emilia,milano,11.0
pistoia,modena,57.0
pisa,siena,16.0
aosta,milano,104.0
torino,novara,16.0
cuneo,genova,39.0
aosta,vercelli,71.0
imperia,genova,11.0
savona,torino,31.0
verona,bologna,12.0
vercelli,pavia,31.0
verbano_cusio_ossola,milano,70.0
bologna,pistoia,10.0
savona,alessandria,30.0
verona,milano,25.0
savona,milano,55.0
alessandria,torino,26.0
verona,venezia,10.0
alessandria,savona,13.0
sassari,nuoro,12.0
alessandria,milano,27.0
prato,pisa,26.0
varese,lecco,14.0
genova,roma,16.0
genova,torino,16.0
genova,varese,10.0
cagliari,oristano,23.0
milano,parma,16.0
massa_carrara,livorno,10.0
lecco,varese,12.0
lodi,bergamo,13.0
bergamo,como,10.0
grosseto,roma,11.0
sondrio,milano,62.0
verona,rovigo,29.0
la_spezia,pisa,11.0
la_spezia,lucca,18.0
trento,padova,21.0
bologna,parma,16.0
bologna,milano,17.0
trento,vicenza,102.0
grosseto,viterbo,12.0
bologna,padova,10.0
vicenza,venezia,20.0
ferrara,padova,13.0
belluno,padova,33.0
belluno,venezia,41.0
massa_carrara,firenze,10.0
ravenna,rimini,31.0
venezia,verona,12.0
sondrio,brescia,28.0
roma,siena,10.0
roma,grosseto,16.0
belluno,udine,13.0
trapani,agrigento,16.0
ancona,perugia,16.0
latina,napoli,37.0
agrigento,catania,13.0
la_aquila,chieti,14.0
isernia,frosinone,11.0
caltanissetta,palermo,19.0
la_aquila,napoli,10.0
caserta,avellino,18.0
lucca,la_spezia,31.0
campobasso,foggia,22.0
brescia,piacenza,10.0
foggia,avellino,13.0
messina,reggio_calabria,16.0
potenza,barletta_andria_trani,21.0
potenza,cosenza,23.0
parma,milano,10.0
matera,potenza,13.0
parma,modena,40.0
