cremona,brescia,22.0
lodi,piacenza,12.0
bergamo,cremona,28.0
bergamo,bergamo,193351.0
piacenza,piacenza,59303.0
sondrio,sondrio,27448.0
la_spezia,la_spezia,39781.0
cremona,cremona,56093.0
bergamo,brescia,203.0
piacenza,cremona,103.0
bologna,ferrara,49.0
bolzano_bozen,bolzano_bozen,66221.0
siena,siena,46791.0
firenze,arezzo,52.0
vicenza,vicenza,123171.0
arezzo,firenze,51.0
vicenza,padova,137.0
rovigo,ferrara,62.0
ferrara,ferrara,61808.0
padova,vicenza,143.0
vicenza,treviso,53.0
bologna,ravenna,76.0
rovigo,padova,70.0
siena,arezzo,32.0
arezzo,arezzo,61029.0
arezzo,siena,22.0
ravenna,bologna,52.0
padova,padova,164945.0
ferrara,rovigo,65.0
rovigo,rovigo,37362.0
padova,treviso,102.0
treviso,padova,95.0
padova,venezia,211.0
venezia,padova,190.0
ravenna,ravenna,78435.0
arezzo,perugia,54.0
viterbo,viterbo,52037.0
belluno,belluno,28702.0
treviso,belluno,25.0
forli_cesena,ravenna,59.0
perugia,arezzo,54.0
forli_cesena,forli_cesena,71832.0
treviso,treviso,144540.0
terni,viterbo,66.0
ravenna,forli_cesena,56.0
viterbo,roma,45.0
treviso,venezia,169.0
venezia,venezia,129174.0
venezia,treviso,138.0
forli_cesena,rimini,63.0
rimini,forli_cesena,64.0
perugia,perugia,116114.0
treviso,pordenone,67.0
terni,terni,38437.0
pordenone,treviso,65.0
roma,roma,821613.0
rimini,rimini,46391.0
perugia,terni,14.0
roma,rieti,107.0
rimini,pesaro_e_urbino,65.0
massa_carrara,lucca,73.0
pordenone,pordenone,52079.0
roma,latina,359.0
latina,roma,389.0
rieti,roma,108.0
trapani,trapani,48118.0
pesaro_e_urbino,rimini,59.0
pordenone,venezia,11.0
roma,frosinone,127.0
brescia,cremona,37.0
pesaro_e_urbino,pesaro_e_urbino,58378.0
rieti,rieti,23118.0
venezia,udine,39.0
trapani,palermo,44.0
massa_carrara,la_spezia,76.0
latina,latina,87032.0
udine,udine,75160.0
frosinone,roma,127.0
ancona,ancona,58234.0
udine,gorizia,52.0
palermo,palermo,212663.0
macerata,macerata,50797.0
frosinone,latina,54.0
latina,frosinone,49.0
ancona,macerata,65.0
macerata,ancona,62.0
frosinone,frosinone,79293.0
gorizia,udine,64.0
gorizia,gorizia,22499.0
la_aquila,la_aquila,44290.0
agrigento,agrigento,56531.0
macerata,fermo,54.0
fermo,macerata,55.0
fermo,fermo,25925.0
ascoli_piceno,teramo,102.0
ascoli_piceno,ascoli_piceno,29908.0
teramo,ascoli_piceno,103.0
trieste,trieste,23073.0
agrigento,caltanissetta,65.0
teramo,teramo,46664.0
caltanissetta,agrigento,62.0
frosinone,caserta,51.0
caserta,isernia,26.0
pescara,pescara,48303.0
caltanissetta,caltanissetta,31081.0
pescara,chieti,210.0
brescia,brescia,208855.0
chieti,pescara,206.0
caltanissetta,enna,60.0
enna,caltanissetta,48.0
isernia,isernia,9906.0
caserta,caserta,145706.0
napoli,caserta,519.0
caserta,napoli,518.0
lucca,massa_carrara,84.0
napoli,napoli,643099.0
caltanissetta,ragusa,23.0
enna,enna,22103.0
chieti,chieti,53602.0
benevento,caserta,52.0
catania,ragusa,62.0
napoli,salerno,328.0
ragusa,catania,61.0
brescia,bergamo,167.0
parma,parma,83506.0
napoli,avellino,55.0
salerno,napoli,352.0
avellino,napoli,64.0
ragusa,ragusa,51784.0
benevento,benevento,43593.0
salerno,avellino,106.0
campobasso,campobasso,27811.0
benevento,avellino,143.0
avellino,salerno,73.0
salerno,salerno,205264.0
avellino,benevento,170.0
avellino,avellino,66588.0
catania,siracusa,80.0
catania,catania,180392.0
siracusa,siracusa,52821.0
catania,messina,90.0
messina,catania,68.0
messina,messina,74099.0
parma,reggio_emilia,62.0
salerno,potenza,49.0
foggia,foggia,85523.0
livorno,livorno,53717.0
potenza,potenza,46015.0
livorno,pisa,170.0
reggio_calabria,reggio_calabria,55290.0
vibo_valentia,vibo_valentia,16539.0
barletta_andria_trani,barletta_andria_trani,53414.0
cosenza,cosenza,100331.0
cremona,piacenza,108.0
lucca,lucca,60874.0
bari,barletta_andria_trani,41.0
barletta_andria_trani,bari,31.0
catanzaro,catanzaro,44760.0
matera,matera,29038.0
reggio_emilia,parma,54.0
bari,bari,205113.0
crotone,crotone,23265.0
pisa,livorno,173.0
taranto,taranto,96290.0
taranto,brindisi,128.0
mantova,brescia,48.0
brindisi,bari,55.0
brindisi,taranto,157.0
brindisi,brindisi,66945.0
brindisi,lecce,41.0
lecce,lecce,122428.0
mantova,cremona,50.0
pisa,lucca,77.0
pisa,pisa,91679.0
lucca,pisa,85.0
brescia,verona,36.0
reggio_emilia,reggio_emilia,98267.0
lucca,pistoia,112.0
mantova,reggio_emilia,63.0
reggio_emilia,mantova,84.0
pistoia,lucca,103.0
mantova,mantova,76074.0
reggio_emilia,modena,191.0
pisa,firenze,90.0
modena,reggio_emilia,165.0
firenze,pisa,85.0
mantova,verona,46.0
aosta,aosta,19358.0
verona,mantova,58.0
pistoia,pistoia,47450.0
torino,torino,397320.0
pistoia,firenze,73.0
torino,cuneo,41.0
cuneo,cuneo,89167.0
firenze,pistoia,60.0
imperia,imperia,26169.0
pistoia,prato,79.0
torino,biella,12.0
torino,vercelli,20.0
modena,modena,132065.0
biella,biella,27188.0
savona,imperia,10.0
asti,cuneo,44.0
mantova,modena,41.0
asti,asti,36254.0
verona,verona,161559.0
vercelli,vercelli,30136.0
prato,pistoia,81.0
savona,savona,45869.0
asti,alessandria,79.0
modena,bologna,103.0
verbano_cusio_ossola,verbano_cusio_ossola,28780.0
alessandria,asti,66.0
prato,prato,61044.0
trento,trento,75053.0
novara,varese,58.0
novara,novara,62552.0
sassari,sassari,44243.0
varese,novara,58.0
prato,firenze,158.0
verbano_cusio_ossola,varese,70.0
alessandria,alessandria,71345.0
bologna,modena,90.0
oristano,oristano,20384.0
firenze,prato,194.0
varese,varese,168757.0
grosseto,grosseto,35055.0
firenze,firenze,192920.0
pavia,alessandria,15.0
varese,milano,316.0
varese,como,214.0
como,varese,205.0
massa_carrara,massa_carrara,34814.0
genova,genova,128751.0
verona,vicenza,85.0
milano,varese,304.0
pavia,pavia,110970.0
como,como,124473.0
cagliari,cagliari,78395.0
pavia,milano,135.0
milano,novara,28.0
milano,pavia,157.0
como,milano,71.0
milano,milano,617924.0
milano,como,73.0
como,lecco,97.0
nuoro,nuoro,15285.0
milano,lodi,87.0
lecco,como,111.0
milano,bergamo,62.0
lecco,lecco,58208.0
rovigo,mantova,13.0
pavia,lodi,112.0
lodi,milano,62.0
lecco,bergamo,37.0
ferrara,bologna,48.0
lodi,pavia,104.0
lodi,lodi,37673.0
vicenza,verona,95.0
bergamo,lecco,25.0
bologna,bologna,194301.0
bergamo,milano,47.0
cremona,bergamo,30.0
mantova,rovigo,29.0
varese,verbano_cusio_ossola,55.0
novara,milano,27.0
alessandria,pavia,44.0
lodi,cremona,33.0
cremona,lodi,39.0
piacenza,lodi,23.0
la_spezia,massa_carrara,60.0
padova,rovigo,64.0
treviso,vicenza,39.0
ferrara,ravenna,11.0
roma,viterbo,34.0
viterbo,terni,46.0
terni,perugia,29.0
udine,pordenone,10.0
udine,venezia,22.0
la_aquila,rieti,11.0
palermo,trapani,33.0
frosinone,napoli,56.0
latina,caserta,35.0
la_aquila,pescara,11.0
caserta,frosinone,34.0
teramo,pescara,11.0
isernia,caserta,35.0
caserta,benevento,47.0
isernia,campobasso,12.0
siracusa,catania,70.0
cremona,mantova,40.0
reggio_calabria,catanzaro,24.0
catanzaro,reggio_calabria,10.0
taranto,bari,20.0
bari,brindisi,41.0
brescia,mantova,31.0
lecce,brindisi,34.0
verona,brescia,11.0
cuneo,torino,42.0
modena,mantova,21.0
cuneo,asti,25.0
imperia,savona,12.0
novara,vercelli,18.0
firenze,siena,10.0
vercelli,novara,20.0
modena,ferrara,15.0
sondrio,como,13.0
siena,grosseto,10.0
belluno,treviso,11.0
rieti,la_aquila,14.0
caserta,latina,14.0
napoli,frosinone,18.0
potenza,salerno,11.0
