brescia,milano,387.0
lucca,prato,74.0
reggio_emilia,reggio_emilia,88068.0
lucca,pistoia,899.0
reggio_emilia,bologna,151.0
pisa,pistoia,382.0
trento,brescia,146.0
cremona,brescia,372.0
mantova,reggio_emilia,757.0
reggio_emilia,mantova,748.0
pisa,firenze,2027.0
reggio_emilia,modena,3770.0
mantova,mantova,66662.0
verona,brescia,341.0
pistoia,lucca,889.0
massa_carrara,la_spezia,1089.0
pistoia,pisa,343.0
mantova,verona,784.0
verona,trento,140.0
aosta,aosta,22154.0
pistoia,pistoia,40607.0
pistoia,firenze,1147.0
verona,mantova,800.0
modena,reggio_emilia,3797.0
firenze,pisa,2039.0
torino,cuneo,1181.0
cuneo,torino,1096.0
pistoia,prato,1691.0
torino,torino,388147.0
aosta,torino,140.0
trento,verona,159.0
torino,milano,232.0
cuneo,cuneo,81604.0
torino,asti,627.0
imperia,imperia,21611.0
torino,aosta,144.0
torino,biella,273.0
torino,vercelli,337.0
biella,torino,264.0
asti,torino,601.0
cuneo,asti,678.0
biella,biella,24896.0
vercelli,torino,343.0
modena,modena,120839.0
imperia,savona,211.0
biella,vercelli,323.0
savona,imperia,217.0
modena,mantova,386.0
asti,cuneo,637.0
asti,asti,30984.0
verona,verona,151408.0
vercelli,biella,339.0
vercelli,vercelli,26009.0
mantova,modena,377.0
asti,alessandria,403.0
savona,savona,42895.0
vercelli,novara,659.0
verbano_cusio_ossola,novara,226.0
vercelli,alessandria,192.0
firenze,pistoia,1221.0
modena,bologna,2366.0
alessandria,asti,368.0
massa_carrara,massa_carrara,30461.0
prato,pistoia,1729.0
verbano_cusio_ossola,verbano_cusio_ossola,25381.0
alessandria,vercelli,169.0
prato,prato,53801.0
novara,vercelli,653.0
savona,genova,419.0
prato,firenze,4208.0
pavia,vercelli,59.0
novara,novara,55251.0
sassari,sassari,41865.0
novara,varese,1060.0
prato,pisa,93.0
verbano_cusio_ossola,varese,254.0
alessandria,alessandria,65428.0
oristano,oristano,18774.0
firenze,siena,603.0
novara,pavia,239.0
varese,verbano_cusio_ossola,246.0
varese,novara,1093.0
novara,milano,960.0
trento,trento,81432.0
pavia,novara,217.0
alessandria,genova,362.0
massa_carrara,pisa,117.0
siena,firenze,596.0
varese,varese,146646.0
grosseto,grosseto,31765.0
trento,bolzano_bozen,554.0
alessandria,pavia,481.0
genova,alessandria,343.0
genova,savona,425.0
firenze,prato,4228.0
varese,milano,7048.0
varese,como,3145.0
pavia,alessandria,476.0
firenze,firenze,185210.0
varese,bergamo,38.0
como,varese,3141.0
genova,genova,121244.0
milano,novara,1001.0
bologna,modena,2460.0
milano,varese,7446.0
pavia,pavia,94002.0
verona,vicenza,1144.0
pavia,milano,4003.0
como,como,101151.0
como,milano,2745.0
mantova,rovigo,144.0
cagliari,cagliari,69915.0
milano,como,2934.0
milano,bologna,107.0
milano,pavia,4141.0
milano,milano,593875.0
modena,ferrara,333.0
milano,torino,315.0
milano,piacenza,161.0
como,lecco,1361.0
milano,brescia,558.0
firenze,bologna,81.0
milano,lecco,1166.0
milano,lodi,2046.0
milano,bergamo,3523.0
milano,cremona,645.0
nuoro,nuoro,13851.0
bolzano_bozen,trento,615.0
como,sondrio,287.0
pavia,piacenza,345.0
genova,la_spezia,229.0
lecco,como,1369.0
lecco,sondrio,116.0
pavia,lodi,535.0
lecco,lecco,47909.0
lecco,milano,1044.0
lodi,milano,2031.0
lecco,bergamo,914.0
verona,padova,337.0
lodi,pavia,541.0
piacenza,pavia,333.0
rovigo,mantova,129.0
sondrio,lecco,64.0
sondrio,como,248.0
lodi,cremona,420.0
lodi,lodi,31416.0
bologna,reggio_emilia,125.0
bologna,firenze,91.0
bergamo,lecco,904.0
cremona,milano,589.0
cremona,lodi,402.0
bergamo,milano,3214.0
la_spezia,genova,243.0
grosseto,siena,114.0
lodi,piacenza,184.0
cremona,bergamo,447.0
piacenza,lodi,176.0
bergamo,cremona,454.0
bergamo,bergamo,173337.0
ferrara,modena,322.0
piacenza,piacenza,54341.0
piacenza,milano,163.0
bologna,bologna,186056.0
la_spezia,la_spezia,36038.0
sondrio,sondrio,28072.0
piacenza,parma,284.0
cremona,cremona,47225.0
bergamo,brescia,2366.0
la_spezia,massa_carrara,1097.0
piacenza,cremona,1095.0
parma,piacenza,302.0
bologna,ferrara,1651.0
firenze,arezzo,940.0
siena,siena,43290.0
vicenza,verona,1110.0
bolzano_bozen,bolzano_bozen,72384.0
ferrara,bologna,1531.0
vicenza,vicenza,114112.0
vicenza,venezia,107.0
siena,grosseto,152.0
brescia,cremona,373.0
bologna,forli_cesena,174.0
padova,verona,321.0
arezzo,firenze,814.0
padova,rovigo,858.0
vicenza,padova,2350.0
bologna,ravenna,1158.0
ferrara,ferrara,53347.0
vicenza,treviso,875.0
ferrara,rovigo,698.0
padova,vicenza,2298.0
siena,arezzo,350.0
rovigo,padova,819.0
rovigo,ferrara,658.0
arezzo,arezzo,55813.0
arezzo,siena,348.0
roma,la_spezia,115.0
treviso,vicenza,914.0
ravenna,bologna,1077.0
padova,padova,149819.0
rovigo,rovigo,31631.0
bolzano_bozen,belluno,187.0
massa_carrara,lucca,628.0
ferrara,ravenna,161.0
siena,perugia,170.0
padova,treviso,1618.0
belluno,bolzano_bozen,215.0
ravenna,ferrara,208.0
padova,venezia,3394.0
treviso,padova,1504.0
belluno,treviso,234.0
treviso,belluno,255.0
perugia,siena,181.0
ravenna,ravenna,70060.0
arezzo,perugia,507.0
venezia,padova,3416.0
viterbo,viterbo,46184.0
rovigo,venezia,285.0
forli_cesena,bologna,193.0
belluno,belluno,29499.0
ravenna,forli_cesena,1534.0
forli_cesena,ravenna,1540.0
venezia,rovigo,246.0
perugia,arezzo,493.0
forli_cesena,forli_cesena,64222.0
viterbo,roma,789.0
treviso,treviso,128674.0
viterbo,terni,326.0
terni,viterbo,321.0
roma,viterbo,960.0
treviso,venezia,3101.0
venezia,treviso,3124.0
venezia,venezia,109235.0
pordenone,belluno,24.0
forli_cesena,rimini,1032.0
terni,perugia,278.0
roma,catania,22.0
rimini,forli_cesena,1013.0
perugia,perugia,108514.0
treviso,pordenone,1028.0
perugia,terni,296.0
rimini,ravenna,100.0
roma,terni,177.0
terni,terni,35323.0
terni,roma,167.0
roma,roma,830108.0
roma,napoli,824.0
rimini,rimini,38717.0
pordenone,treviso,1027.0
roma,rieti,884.0
terni,rieti,90.0
roma,latina,3730.0
rimini,pesaro_e_urbino,650.0
pordenone,pordenone,46577.0
rieti,roma,754.0
trapani,trapani,42765.0
latina,roma,3557.0
pesaro_e_urbino,rimini,632.0
venezia,pordenone,424.0
roma,frosinone,1574.0
roma,la_aquila,245.0
pordenone,venezia,451.0
pesaro_e_urbino,pesaro_e_urbino,51769.0
rieti,rieti,19195.0
pordenone,udine,309.0
trapani,palermo,456.0
agrigento,trapani,49.0
venezia,udine,258.0
rieti,la_aquila,88.0
udine,venezia,276.0
latina,latina,78269.0
pesaro_e_urbino,ancona,261.0
udine,pordenone,294.0
la_aquila,rieti,109.0
palermo,trapani,529.0
ancona,pesaro_e_urbino,273.0
la_aquila,roma,137.0
udine,udine,68464.0
ancona,ancona,50600.0
frosinone,roma,1221.0
udine,trieste,121.0
udine,gorizia,1008.0
palermo,palermo,209685.0
ancona,macerata,1096.0
latina,frosinone,313.0
macerata,macerata,45516.0
macerata,ancona,1097.0
frosinone,frosinone,71732.0
agrigento,palermo,128.0
frosinone,latina,306.0
gorizia,udine,1005.0
gorizia,trieste,285.0
gorizia,gorizia,21161.0
la_aquila,la_aquila,42438.0
agrigento,agrigento,53424.0
cremona,piacenza,1111.0
macerata,fermo,704.0
fermo,macerata,694.0
fermo,fermo,22677.0
ascoli_piceno,fermo,248.0
la_aquila,frosinone,49.0
latina,caserta,207.0
ascoli_piceno,ascoli_piceno,26325.0
ascoli_piceno,teramo,1116.0
palermo,caltanissetta,86.0
fermo,ascoli_piceno,233.0
trieste,trieste,20980.0
trieste,gorizia,305.0
teramo,ascoli_piceno,1149.0
agrigento,caltanissetta,351.0
brescia,brescia,191055.0
teramo,teramo,42283.0
caserta,latina,205.0
frosinone,caserta,239.0
la_aquila,pescara,144.0
caltanissetta,agrigento,388.0
pescara,la_aquila,165.0
caserta,frosinone,175.0
teramo,pescara,361.0
isernia,caserta,119.0
caserta,isernia,126.0
pescara,teramo,398.0
pescara,pescara,44192.0
caltanissetta,caltanissetta,28022.0
pescara,chieti,2252.0
caltanissetta,enna,182.0
chieti,pescara,2158.0
enna,caltanissetta,171.0
isernia,isernia,8781.0
caltanissetta,catania,146.0
caserta,caserta,133450.0
caserta,napoli,8899.0
napoli,caserta,8708.0
napoli,frosinone,96.0
napoli,roma,337.0
parma,parma,78042.0
caserta,roma,59.0
brescia,bergamo,2479.0
lucca,massa_carrara,599.0
napoli,napoli,603853.0
caltanissetta,ragusa,137.0
napoli,milano,22.0
enna,enna,20297.0
caserta,benevento,686.0
chieti,chieti,48812.0
napoli,benevento,357.0
ragusa,caltanissetta,139.0
benevento,caserta,621.0
napoli,salerno,4792.0
napoli,avellino,944.0
campobasso,isernia,94.0
enna,catania,255.0
ragusa,catania,429.0
salerno,napoli,4827.0
catania,ragusa,421.0
benevento,napoli,367.0
chieti,campobasso,147.0
ragusa,ragusa,49853.0
avellino,napoli,933.0
benevento,benevento,39526.0
avellino,caserta,50.0
catania,caltanissetta,124.0
benevento,avellino,524.0
parma,cremona,112.0
campobasso,campobasso,25930.0
salerno,avellino,896.0
avellino,benevento,478.0
avellino,salerno,901.0
ragusa,siracusa,243.0
catania,enna,265.0
salerno,salerno,191665.0
avellino,avellino,60762.0
campobasso,chieti,154.0
siracusa,catania,867.0
siracusa,ragusa,257.0
catania,siracusa,866.0
catania,catania,177721.0
siracusa,siracusa,47730.0
catania,messina,687.0
foggia,campobasso,64.0
messina,catania,711.0
messina,messina,67136.0
salerno,potenza,127.0
foggia,foggia,81006.0
foggia,potenza,81.0
potenza,salerno,114.0
potenza,foggia,78.0
potenza,potenza,42892.0
foggia,barletta_andria_trani,168.0
potenza,barletta_andria_trani,46.0
reggio_calabria,reggio_calabria,49367.0
livorno,firenze,114.0
vibo_valentia,reggio_calabria,90.0
parma,mantova,96.0
reggio_calabria,vibo_valentia,90.0
lucca,livorno,106.0
barletta_andria_trani,potenza,22.0
vibo_valentia,vibo_valentia,15130.0
livorno,pisa,2046.0
barletta_andria_trani,foggia,175.0
vibo_valentia,catanzaro,72.0
parma,reggio_emilia,1501.0
cosenza,catanzaro,136.0
cosenza,cosenza,94946.0
barletta_andria_trani,barletta_andria_trani,47972.0
catanzaro,cosenza,116.0
livorno,livorno,48772.0
barletta_andria_trani,bari,1192.0
catanzaro,catanzaro,42137.0
cremona,mantova,410.0
reggio_calabria,catanzaro,64.0
matera,bari,351.0
matera,matera,27241.0
bari,barletta_andria_trani,1175.0
bari,matera,333.0
matera,taranto,127.0
bari,bari,188994.0
crotone,catanzaro,89.0
taranto,matera,97.0
crotone,crotone,21875.0
bari,taranto,365.0
cremona,parma,109.0
taranto,bari,355.0
bari,brindisi,531.0
taranto,taranto,94123.0
brindisi,bari,490.0
taranto,brindisi,949.0
brindisi,taranto,935.0
lucca,lucca,53309.0
brindisi,brindisi,62474.0
brescia,mantova,804.0
brindisi,lecce,533.0
pisa,livorno,2085.0
lecce,brindisi,505.0
mantova,cremona,407.0
lecce,lecce,119422.0
brescia,verona,329.0
mantova,brescia,788.0
lucca,pisa,1404.0
lucca,firenze,152.0
mantova,parma,98.0
reggio_emilia,parma,1514.0
pisa,pisa,82216.0
pisa,lucca,1400.0
brescia,trento,157.0
taranto,lecce,33.0
lecce,taranto,59.0
lecce,bari,47.0
pisa,prato,79.0
pisa,siena,40.0
modena,parma,56.0
torino,genova,39.0
torino,varese,29.0
torino,savona,69.0
torino,alessandria,79.0
torino,novara,58.0
vercelli,aosta,27.0
cuneo,savona,46.0
verona,bergamo,32.0
verona,milano,44.0
biella,novara,42.0
verona,bologna,24.0
vercelli,milano,30.0
savona,cuneo,76.0
vercelli,pavia,55.0
novara,verbano_cusio_ossola,214.0
savona,la_spezia,58.0
novara,biella,70.0
firenze,livorno,156.0
alessandria,torino,84.0
verbano_cusio_ossola,milano,15.0
novara,torino,60.0
prato,lucca,70.0
prato,bologna,40.0
oristano,cagliari,84.0
alessandria,milano,54.0
varese,catania,11.0
nuoro,oristano,12.0
prato,livorno,12.0
pavia,varese,10.0
genova,milano,73.0
grosseto,roma,12.0
firenze,lucca,161.0
como,bergamo,41.0
cagliari,oristano,93.0
milano,alessandria,98.0
massa_carrara,livorno,38.0
milano,roma,127.0
milano,napoli,37.0
milano,genova,158.0
milano,verona,78.0
firenze,roma,196.0
lodi,bergamo,32.0
bergamo,como,28.0
bergamo,lodi,34.0
la_spezia,pisa,60.0
la_spezia,lucca,53.0
piacenza,brescia,63.0
bologna,parma,42.0
bologna,roma,60.0
bologna,rimini,71.0
bolzano_bozen,verona,37.0
bologna,milano,60.0
bologna,padova,37.0
brescia,piacenza,33.0
rovigo,verona,26.0
arezzo,prato,24.0
viterbo,grosseto,22.0
rovigo,bologna,16.0
trento,belluno,58.0
viterbo,siena,17.0
padova,bologna,51.0
venezia,vicenza,60.0
venezia,verona,20.0
ravenna,rimini,91.0
perugia,roma,55.0
roma,milano,59.0
roma,pisa,10.0
roma,firenze,146.0
roma,bologna,35.0
roma,perugia,67.0
roma,caserta,234.0
rimini,bologna,42.0
roma,salerno,151.0
perugia,ancona,29.0
rieti,terni,70.0
trapani,agrigento,44.0
palermo,catania,96.0
palermo,agrigento,174.0
palermo,roma,30.0
frosinone,napoli,108.0
latina,napoli,93.0
frosinone,la_aquila,28.0
teramo,la_aquila,17.0
agrigento,catania,35.0
trieste,udine,104.0
ascoli_piceno,macerata,20.0
parma,milano,31.0
brescia,sondrio,16.0
caltanissetta,palermo,82.0
lucca,la_spezia,46.0
parma,bologna,60.0
napoli,latina,70.0
caserta,salerno,193.0
caserta,avellino,92.0
isernia,campobasso,54.0
livorno,massa_carrara,16.0
livorno,lucca,80.0
messina,enna,13.0
salerno,caserta,145.0
salerno,roma,40.0
benevento,campobasso,18.0
campobasso,foggia,66.0
catania,palermo,73.0
messina,reggio_calabria,45.0
reggio_calabria,messina,54.0
cosenza,potenza,28.0
parma,modena,64.0
potenza,matera,61.0
catanzaro,vibo_valentia,65.0
matera,potenza,42.0
pisa,la_spezia,69.0
catanzaro,reggio_calabria,47.0
cosenza,matera,24.0
pisa,massa_carrara,100.0
catanzaro,crotone,93.0
cosenza,crotone,65.0
bari,foggia,30.0
crotone,cosenza,47.0
bari,lecce,45.0
foggia,bari,19.0
potenza,napoli,11.0
potenza,cosenza,20.0
cosenza,vibo_valentia,21.0
matera,cosenza,36.0
livorno,grosseto,15.0
pistoia,modena,14.0
aosta,milano,12.0
verona,bolzano_bozen,13.0
torino,bergamo,12.0
torino,imperia,22.0
torino,roma,19.0
aosta,vercelli,25.0
verona,venezia,16.0
grosseto,livorno,12.0
savona,milano,10.0
siena,pisa,34.0
savona,torino,20.0
sassari,cagliari,21.0
oristano,nuoro,11.0
varese,torino,16.0
prato,arezzo,15.0
varese,pavia,22.0
genova,cuneo,106.0
genova,imperia,18.0
genova,torino,44.0
genova,roma,10.0
cagliari,sassari,12.0
nuoro,sassari,13.0
milano,vercelli,71.0
milano,verbano_cusio_ossola,70.0
milano,firenze,48.0
milano,aosta,260.0
milano,biella,19.0
milano,massa_carrara,19.0
milano,modena,12.0
milano,parma,26.0
milano,vicenza,16.0
milano,venezia,22.0
milano,trento,42.0
milano,la_spezia,28.0
milano,reggio_emilia,10.0
siena,prato,11.0
milano,savona,71.0
milano,padova,29.0
firenze,milano,28.0
milano,sondrio,205.0
firenze,grosseto,14.0
firenze,napoli,47.0
firenze,la_spezia,11.0
verona,rovigo,43.0
bergamo,verona,14.0
bergamo,varese,29.0
grosseto,viterbo,11.0
piacenza,bergamo,15.0
massa_carrara,firenze,11.0
bologna,prato,26.0
la_spezia,savona,50.0
la_spezia,livorno,15.0
bologna,rovigo,36.0
bologna,verona,17.0
siena,viterbo,32.0
padova,ferrara,17.0
ravenna,firenze,13.0
sondrio,brescia,14.0
padova,trento,11.0
padova,belluno,31.0
belluno,trento,46.0
roma,palermo,31.0
roma,genova,18.0
venezia,belluno,24.0
venezia,gorizia,12.0
belluno,pordenone,20.0
roma,livorno,10.0
roma,grosseto,42.0
roma,pescara,30.0
roma,campobasso,11.0
roma,teramo,13.0
roma,bari,12.0
roma,foggia,10.0
roma,benevento,20.0
roma,avellino,31.0
ancona,perugia,35.0
macerata,perugia,12.0
udine,treviso,16.0
ancona,fermo,12.0
la_aquila,teramo,33.0
palermo,messina,37.0
macerata,ascoli_piceno,22.0
trieste,venezia,18.0
ascoli_piceno,pescara,11.0
frosinone,isernia,10.0
la_aquila,isernia,11.0
chieti,teramo,14.0
pescara,roma,15.0
pescara,campobasso,12.0
napoli,la_aquila,138.0
napoli,firenze,18.0
livorno,pistoia,11.0
enna,messina,22.0
campobasso,benevento,26.0
messina,palermo,35.0
catania,agrigento,40.0
catania,roma,14.0
foggia,avellino,10.0
