haute_savoie,ain,25.0
meurthe_et_moselle,moselle,499.0
alpes_de_haute_provence,alpes_de_haute_provence,26670.0
haute_savoie,savoie,204.0
savoie,haute_savoie,191.0
moselle,meurthe_et_moselle,553.0
meurthe_et_moselle,meurthe_et_moselle,136828.0
haute_saone,doubs,131.0
savoie,savoie,68062.0
haute_saone,haute_saone,36743.0
var,var,179508.0
haute_savoie,haute_savoie,130479.0
doubs,doubs,82921.0
moselle,moselle,186012.0
meurthe_et_moselle,vosges,55.0
vosges,vosges,60915.0
var,alpes_maritimes,263.0
doubs,territoire_de_belfort,285.0
territoire_de_belfort,doubs,295.0
territoire_de_belfort,territoire_de_belfort,19770.0
gers,landes,34.0
alpes_maritimes,var,285.0
moselle,bas_rhin,224.0
bas_rhin,moselle,205.0
alpes_maritimes,alpes_maritimes,168293.0
charente,charente_maritime,127.0
haut_rhin,bas_rhin,156.0
haut_rhin,haut_rhin,126414.0
bas_rhin,haut_rhin,134.0
bas_rhin,bas_rhin,204246.0
orne,orne,39788.0
hautes_pyrenees,hautes_pyrenees,35768.0
charente,charente,57372.0
calvados,calvados,112031.0
dordogne,gironde,187.0
gironde,dordogne,194.0
charente_maritime,gironde,89.0
calvados,eure,125.0
vienne,indre_et_loire,40.0
eure,calvados,139.0
calvados,orne,125.0
vienne,vienne,64941.0
gers,gers,27751.0
lot_et_garonne,lot_et_garonne,56088.0
indre_et_loire,indre_et_loire,93638.0
dordogne,dordogne,68638.0
lot_et_garonne,tarn_et_garonne,52.0
orne,eure_et_loir,60.0
seine_maritime,seine_maritime,229115.0
tarn_et_garonne,lot_et_garonne,65.0
seine_maritime,eure,783.0
loir_et_cher,indre_et_loire,52.0
eure,seine_maritime,793.0
gers,haute_garonne,55.0
eure,eure,108995.0
haute_vienne,haute_vienne,52793.0
tarn_et_garonne,haute_garonne,241.0
tarn_et_garonne,tarn_et_garonne,43189.0
eure,eure_et_loir,151.0
dordogne,correze,70.0
eure_et_loir,hauts_de_seine,10.0
haute_garonne,haute_garonne,222292.0
haute_garonne,tarn_et_garonne,262.0
loir_et_cher,loir_et_cher,51885.0
eure_et_loir,eure,171.0
seine_maritime,somme,142.0
eure_et_loir,eure_et_loir,69993.0
eure,yvelines,117.0
orne,calvados,108.0
eure_et_loir,yvelines,203.0
loir_et_cher,loiret,49.0
indre,loir_et_cher,22.0
lot,lot,22834.0
somme,seine_maritime,123.0
charente_maritime,charente,115.0
yvelines,eure,121.0
indre,indre,34134.0
eure,oise,46.0
haute_garonne,tarn,183.0
correze,correze,36305.0
correze,lot,69.0
yvelines,eure_et_loir,244.0
lot,correze,77.0
tarn,haute_garonne,164.0
eure_et_loir,loiret,27.0
eure_et_loir,essonne,30.0
yvelines,yvelines,202773.0
yvelines,paris,714.0
yvelines,essonne,202.0
yvelines,hauts_de_seine,1735.0
gironde,gironde,304461.0
yvelines,val_d'oise,1026.0
yvelines,seine_saint_denis,466.0
yvelines,val_de_marne,308.0
tarn,tarn,57185.0
val_d'oise,yvelines,1075.0
loiret,loiret,108894.0
hauts_de_seine,yvelines,1832.0
essonne,yvelines,202.0
hauts_de_seine,hauts_de_seine,164611.0
val_d'oise,hauts_de_seine,1111.0
maine_et_loire,maine_et_loire,116095.0
val_d'oise,val_d'oise,190274.0
hauts_de_seine,seine_saint_denis,1528.0
hauts_de_seine,paris,2815.0
hauts_de_seine,val_de_marne,1406.0
hauts_de_seine,val_d'oise,1104.0
hauts_de_seine,essonne,563.0
hauts_de_seine,seine_et_marne,198.0
val_d'oise,paris,1445.0
somme,somme,105992.0
val_d'oise,val_de_marne,470.0
val_d'oise,seine_saint_denis,2632.0
paris,essonne,1067.0
paris,val_de_marne,4238.0
paris,seine_et_marne,972.0
paris,paris,235872.0
paris,hauts_de_seine,2829.0
paris,yvelines,773.0
paris,seine_saint_denis,4610.0
paris,val_d'oise,1529.0
essonne,hauts_de_seine,597.0
essonne,essonne,212694.0
val_d'oise,essonne,79.0
oise,val_d'oise,705.0
val_d'oise,oise,735.0
essonne,paris,1033.0
essonne,seine_saint_denis,558.0
essonne,val_de_marne,3038.0
oise,seine_saint_denis,120.0
oise,paris,112.0
val_de_marne,yvelines,328.0
seine_saint_denis,val_d'oise,2638.0
val_de_marne,essonne,3085.0
val_de_marne,hauts_de_seine,1389.0
val_de_marne,paris,4196.0
mayenne,mayenne,43413.0
cher,cher,46859.0
seine_saint_denis,paris,4613.0
seine_saint_denis,essonne,578.0
val_de_marne,val_d'oise,510.0
seine_saint_denis,hauts_de_seine,1466.0
val_de_marne,val_de_marne,285424.0
seine_saint_denis,seine_saint_denis,311709.0
seine_saint_denis,yvelines,453.0
val_d'oise,seine_et_marne,459.0
val_de_marne,seine_saint_denis,3411.0
seine_saint_denis,val_de_marne,3462.0
oise,oise,158917.0
loiret,seine_et_marne,56.0
pas_de_calais,pas_de_calais,299603.0
essonne,seine_et_marne,1015.0
val_de_marne,seine_et_marne,2372.0
seine_saint_denis,seine_et_marne,2110.0
somme,pas_de_calais,45.0
oise,somme,59.0
cantal,cantal,18853.0
seine_et_marne,essonne,1042.0
aude,aude,64401.0
seine_et_marne,yvelines,32.0
oise,val_de_marne,17.0
seine_et_marne,seine_saint_denis,2165.0
seine_et_marne,val_de_marne,2292.0
seine_et_marne,hauts_de_seine,208.0
seine_et_marne,val_d'oise,402.0
seine_et_marne,loiret,62.0
pyrenees_atlantiques,hautes_pyrenees,34.0
seine_et_marne,paris,932.0
oise,seine_et_marne,133.0
seine_et_marne,seine_et_marne,291066.0
pas_de_calais,nord,2456.0
pyrenees_orientales,pyrenees_orientales,95994.0
charente_maritime,charente_maritime,112537.0
nord,pas_de_calais,2489.0
nievre,cher,69.0
cher,nievre,80.0
aude,herault,98.0
oise,aisne,145.0
pyrenees_atlantiques,pyrenees_atlantiques,102538.0
somme,aisne,64.0
calvados,manche,78.0
yonne,seine_et_marne,66.0
nord,nord,507997.0
landes,landes,80497.0
aisne,oise,126.0
puy_de_dome,puy_de_dome,96252.0
aisne,somme,65.0
aisne,seine_et_marne,22.0
nievre,nievre,32203.0
haute_loire,puy_de_dome,60.0
aisne,aisne,105167.0
yonne,yonne,57335.0
landes,gironde,44.0
herault,herault,207216.0
marne,aube,58.0
aisne,nord,90.0
loire_atlantique,maine_et_loire,160.0
aisne,marne,56.0
haute_loire,haute_loire,29979.0
nord,aisne,79.0
aube,aube,52124.0
herault,gard,452.0
marne,marne,105776.0
gard,herault,432.0
haute_loire,loire,325.0
maine_et_loire,loire_atlantique,102.0
loire,loire,99548.0
gard,gard,125011.0
loire,haute_loire,324.0
pyrenees_atlantiques,landes,382.0
loire,rhone,268.0
gard,bouches_du_rhone,324.0
gard,drome,24.0
loire,ardeche,38.0
ardeche,ardeche,54725.0
saone_et_loire,saone_et_loire,81439.0
ardeche,vaucluse,28.0
rhone,saone_et_loire,102.0
loire,isere,82.0
gard,vaucluse,386.0
ardennes,ardennes,50706.0
cote_d'or,saone_et_loire,134.0
bouches_du_rhone,gard,316.0
rhone,loire,326.0
ardeche,isere,125.0
isere,loire,77.0
saone_et_loire,rhone,98.0
vaucluse,gard,410.0
saone_et_loire,ain,345.0
rhone,ain,819.0
isere,ardeche,118.0
ardeche,drome,1019.0
drome,vaucluse,286.0
rhone,rhone,287026.0
landes,pyrenees_atlantiques,353.0
saone_et_loire,cote_d'or,128.0
rhone,isere,1243.0
ain,saone_et_loire,302.0
vaucluse,drome,270.0
drome,ardeche,1084.0
ain,rhone,737.0
drome,drome,68617.0
manche,manche,73257.0
cote_d'or,cote_d'or,82899.0
bouches_du_rhone,vaucluse,784.0
vaucluse,vaucluse,101108.0
isere,rhone,1190.0
vaucluse,bouches_du_rhone,755.0
isere,drome,95.0
meuse,haute_marne,52.0
drome,isere,111.0
haute_marne,haute_marne,32236.0
bouches_du_rhone,bouches_du_rhone,340429.0
ain,isere,280.0
ain,ain,90119.0
isere,ain,276.0
bouches_du_rhone,alpes_de_haute_provence,52.0
saone_et_loire,jura,78.0
cote_d'or,jura,43.0
meuse,meuse,33259.0
jura,saone_et_loire,78.0
isere,isere,182723.0
bouches_du_rhone,var,234.0
jura,jura,39085.0
meuse,meurthe_et_moselle,51.0
ain,savoie,15.0
alpes_de_haute_provence,bouches_du_rhone,51.0
loire_atlantique,loire_atlantique,203705.0
jura,doubs,33.0
meurthe_et_moselle,meuse,71.0
var,bouches_du_rhone,224.0
savoie,isere,188.0
isere,savoie,177.0
ain,haute_savoie,32.0
doubs,jura,52.0
doubs,haute_saone,137.0
vosges,meurthe_et_moselle,49.0
landes,gers,45.0
hautes_pyrenees,pyrenees_atlantiques,42.0
dordogne,charente,12.0
gers,hautes_pyrenees,11.0
lot_et_garonne,gironde,33.0
orne,eure,25.0
gironde,charente_maritime,70.0
charente,haute_vienne,14.0
indre_et_loire,vienne,11.0
eure_et_loir,orne,62.0
indre_et_loire,loir_et_cher,45.0
lot_et_garonne,lot,11.0
haute_garonne,gers,46.0
correze,dordogne,57.0
loir_et_cher,indre,40.0
seine_maritime,oise,32.0
loiret,loir_et_cher,64.0
haute_garonne,aude,19.0
oise,eure,56.0
loiret,eure_et_loir,33.0
cher,indre,11.0
paris,oise,138.0
essonne,val_d'oise,71.0
seine_saint_denis,oise,122.0
pas_de_calais,somme,37.0
cher,loiret,21.0
seine_et_marne,oise,130.0
somme,oise,68.0
mayenne,maine_et_loire,26.0
seine_et_marne,yonne,59.0
herault,aude,53.0
puy_de_dome,haute_loire,48.0
seine_et_marne,aube,34.0
aube,seine_et_marne,12.0
aube,marne,54.0
marne,aisne,74.0
aube,yonne,10.0
marne,ardennes,46.0
ardennes,marne,27.0
gard,ardeche,27.0
manche,calvados,45.0
ardeche,gard,25.0
ardeche,loire,26.0
drome,gard,24.0
haute_marne,marne,27.0
haute_marne,meuse,49.0
ain,jura,34.0
jura,ain,17.0
jura,cote_d'or,34.0
vosges,haute_marne,10.0
alpes_de_haute_provence,var,11.0
territoire_de_belfort,haute_saone,35.0
haut_rhin,territoire_de_belfort,15.0
calvados,seine_maritime,21.0
gironde,lot_et_garonne,16.0
indre_et_loire,maine_et_loire,17.0
seine_maritime,calvados,10.0
haute_vienne,charente,17.0
lot,lot_et_garonne,12.0
oise,seine_maritime,17.0
aude,haute_garonne,14.0
essonne,loiret,13.0
essonne,eure_et_loir,33.0
val_d'oise,eure,10.0
yvelines,seine_et_marne,30.0
hauts_de_seine,eure_et_loir,14.0
paris,aisne,10.0
paris,eure,11.0
val_de_marne,oise,14.0
maine_et_loire,mayenne,10.0
pyrenees_orientales,aude,11.0
seine_et_marne,aisne,30.0
gironde,landes,33.0
loire,saone_et_loire,23.0
vaucluse,ardeche,25.0
