savoie,isere,233.0
isere,savoie,233.0
haute_savoie,savoie,307.0
alpes_de_haute_provence,alpes_de_haute_provence,25920.0
savoie,haute_savoie,285.0
meurthe_et_moselle,moselle,659.0
moselle,meurthe_et_moselle,697.0
meurthe_et_moselle,meurthe_et_moselle,131893.0
savoie,savoie,65782.0
haute_saone,haute_saone,35391.0
haute_saone,doubs,165.0
var,var,175166.0
haute_savoie,haute_savoie,126790.0
doubs,haute_saone,200.0
doubs,doubs,80625.0
moselle,moselle,179480.0
vosges,meurthe_et_moselle,101.0
vosges,vosges,59158.0
meurthe_et_moselle,vosges,101.0
haute_saone,territoire_de_belfort,22.0
var,alpes_maritimes,298.0
doubs,territoire_de_belfort,332.0
territoire_de_belfort,doubs,342.0
territoire_de_belfort,territoire_de_belfort,18941.0
alpes_maritimes,var,278.0
bas_rhin,moselle,285.0
moselle,bas_rhin,238.0
alpes_maritimes,alpes_maritimes,163134.0
charente_maritime,gironde,76.0
haut_rhin,bas_rhin,252.0
haut_rhin,haut_rhin,123247.0
bas_rhin,haut_rhin,203.0
calvados,calvados,109878.0
bas_rhin,bas_rhin,198455.0
orne,orne,39024.0
hautes_pyrenees,hautes_pyrenees,34690.0
charente,charente,55927.0
gironde,dordogne,205.0
dordogne,gironde,200.0
calvados,eure,161.0
orne,calvados,96.0
eure,calvados,141.0
vienne,vienne,63448.0
gers,gers,26957.0
charente_maritime,charente,146.0
lot_et_garonne,lot_et_garonne,54840.0
indre_et_loire,indre_et_loire,92057.0
dordogne,dordogne,66867.0
orne,eure_et_loir,67.0
seine_maritime,seine_maritime,224569.0
tarn_et_garonne,lot_et_garonne,62.0
seine_maritime,eure,973.0
eure,seine_maritime,939.0
gers,haute_garonne,76.0
eure,eure,106555.0
loir_et_cher,indre_et_loire,75.0
haute_vienne,haute_vienne,51658.0
eure_et_loir,eure,188.0
tarn_et_garonne,tarn_et_garonne,42259.0
gironde,charente_maritime,98.0
tarn_et_garonne,haute_garonne,283.0
eure,eure_et_loir,182.0
dordogne,correze,82.0
haute_garonne,haute_garonne,217752.0
haute_garonne,tarn_et_garonne,261.0
calvados,orne,107.0
loir_et_cher,loir_et_cher,51062.0
eure_et_loir,eure_et_loir,68285.0
eure,yvelines,150.0
seine_maritime,somme,194.0
gironde,gironde,296638.0
eure_et_loir,yvelines,243.0
loir_et_cher,loiret,91.0
yvelines,eure,165.0
lot,lot,22588.0
somme,seine_maritime,178.0
indre,loir_et_cher,45.0
eure,oise,51.0
maine_et_loire,maine_et_loire,112942.0
indre,indre,32917.0
haute_garonne,tarn,229.0
eure,val_d'oise,10.0
correze,correze,35522.0
loiret,loir_et_cher,92.0
correze,lot,100.0
oise,seine_maritime,38.0
lot,correze,100.0
tarn,haute_garonne,208.0
yvelines,yvelines,197418.0
eure_et_loir,essonne,48.0
yvelines,paris,975.0
yvelines,val_d'oise,1409.0
yvelines,val_de_marne,489.0
yvelines,essonne,304.0
yvelines,hauts_de_seine,2176.0
yvelines,seine_saint_denis,642.0
tarn,tarn,56226.0
val_d'oise,yvelines,1383.0
loiret,loiret,106188.0
hauts_de_seine,yvelines,2163.0
hauts_de_seine,hauts_de_seine,160721.0
val_d'oise,val_d'oise,185502.0
hauts_de_seine,paris,3324.0
hauts_de_seine,val_de_marne,1703.0
val_d'oise,hauts_de_seine,1280.0
hauts_de_seine,seine_saint_denis,1887.0
hauts_de_seine,essonne,724.0
hauts_de_seine,seine_et_marne,292.0
hauts_de_seine,val_d'oise,1296.0
val_d'oise,paris,1788.0
essonne,yvelines,248.0
mayenne,mayenne,42145.0
oise,val_d'oise,772.0
somme,somme,103599.0
val_d'oise,val_de_marne,687.0
val_d'oise,seine_saint_denis,3295.0
essonne,hauts_de_seine,715.0
somme,oise,79.0
paris,essonne,1258.0
paris,val_de_marne,5066.0
paris,paris,230086.0
paris,seine_et_marne,1288.0
paris,seine_saint_denis,5834.0
paris,yvelines,1014.0
paris,val_d'oise,1811.0
paris,hauts_de_seine,3453.0
essonne,essonne,206253.0
val_d'oise,oise,861.0
essonne,val_d'oise,108.0
essonne,paris,1232.0
essonne,seine_saint_denis,758.0
essonne,val_de_marne,3581.0
seine_saint_denis,val_d'oise,3328.0
val_de_marne,hauts_de_seine,1659.0
val_de_marne,yvelines,457.0
oise,paris,127.0
val_de_marne,essonne,3622.0
val_de_marne,paris,5014.0
seine_saint_denis,paris,5883.0
cher,cher,45955.0
seine_saint_denis,hauts_de_seine,1879.0
val_de_marne,val_d'oise,687.0
seine_saint_denis,yvelines,639.0
val_de_marne,val_de_marne,278764.0
val_d'oise,seine_et_marne,501.0
seine_saint_denis,seine_saint_denis,299602.0
val_de_marne,seine_saint_denis,4263.0
seine_saint_denis,val_de_marne,4250.0
seine_saint_denis,essonne,742.0
oise,oise,154895.0
pas_de_calais,pas_de_calais,292792.0
essonne,seine_et_marne,1285.0
seine_saint_denis,seine_et_marne,2718.0
val_de_marne,seine_et_marne,2897.0
oise,val_de_marne,10.0
charente_maritime,charente_maritime,109406.0
loiret,seine_et_marne,71.0
oise,seine_saint_denis,178.0
cantal,cantal,18403.0
aude,aude,63042.0
seine_et_marne,essonne,1332.0
seine_et_marne,val_d'oise,504.0
seine_et_marne,val_de_marne,2823.0
seine_et_marne,seine_saint_denis,2736.0
seine_et_marne,hauts_de_seine,278.0
seine_et_marne,yvelines,35.0
seine_et_marne,paris,1241.0
pyrenees_atlantiques,pyrenees_atlantiques,98806.0
oise,seine_et_marne,141.0
seine_et_marne,oise,159.0
somme,pas_de_calais,44.0
seine_et_marne,seine_et_marne,283335.0
oise,somme,67.0
pas_de_calais,nord,2727.0
pyrenees_orientales,pyrenees_orientales,94130.0
nord,pas_de_calais,2852.0
landes,landes,77590.0
nievre,cher,109.0
cher,nievre,110.0
calvados,manche,81.0
oise,aisne,138.0
somme,aisne,64.0
aude,herault,79.0
herault,aude,52.0
yonne,seine_et_marne,91.0
nord,nord,496169.0
aisne,oise,117.0
puy_de_dome,puy_de_dome,94156.0
aisne,somme,90.0
nievre,nievre,31475.0
aisne,seine_et_marne,31.0
manche,calvados,83.0
haute_loire,puy_de_dome,58.0
aisne,aisne,102009.0
yonne,yonne,56105.0
aisne,nord,100.0
herault,herault,203842.0
aisne,marne,88.0
marne,aube,89.0
nord,aisne,81.0
loire_atlantique,maine_et_loire,196.0
haute_loire,haute_loire,29379.0
landes,gironde,45.0
maine_et_loire,loire_atlantique,160.0
herault,gard,475.0
aube,aube,50580.0
marne,marne,103280.0
gard,herault,481.0
haute_loire,loire,396.0
loire,loire,96942.0
gard,gard,122716.0
landes,pyrenees_atlantiques,391.0
loire,haute_loire,394.0
manche,manche,71382.0
ardennes,marne,58.0
loire,rhone,316.0
gard,bouches_du_rhone,308.0
rhone,loire,385.0
ardeche,vaucluse,23.0
pyrenees_atlantiques,landes,411.0
loire,ardeche,23.0
ardeche,ardeche,53251.0
saone_et_loire,saone_et_loire,78864.0
bouches_du_rhone,gard,317.0
gard,vaucluse,466.0
loire,isere,94.0
ardennes,ardennes,49020.0
rhone,saone_et_loire,142.0
ardeche,isere,179.0
drome,vaucluse,261.0
vaucluse,drome,239.0
ardeche,rhone,10.0
saone_et_loire,rhone,143.0
vaucluse,gard,455.0
isere,ardeche,166.0
saone_et_loire,ain,382.0
ardeche,drome,1201.0
isere,loire,91.0
rhone,ain,955.0
pyrenees_atlantiques,hautes_pyrenees,41.0
rhone,rhone,280475.0
cote_d'or,saone_et_loire,176.0
saone_et_loire,cote_d'or,178.0
rhone,isere,1525.0
drome,ardeche,1199.0
ain,saone_et_loire,412.0
drome,drome,67229.0
ain,rhone,915.0
cote_d'or,cote_d'or,81014.0
bouches_du_rhone,vaucluse,819.0
vaucluse,vaucluse,98862.0
isere,drome,126.0
isere,rhone,1481.0
vaucluse,bouches_du_rhone,802.0
drome,isere,137.0
meuse,haute_marne,49.0
haute_marne,haute_marne,31675.0
bouches_du_rhone,bouches_du_rhone,333893.0
ain,ain,87325.0
isere,ain,350.0
ain,isere,372.0
saone_et_loire,jura,60.0
meuse,meuse,32514.0
jura,saone_et_loire,85.0
bouches_du_rhone,var,295.0
loire_atlantique,loire_atlantique,197870.0
jura,ain,56.0
isere,isere,177714.0
landes,gers,56.0
jura,jura,37647.0
meuse,meurthe_et_moselle,63.0
jura,doubs,71.0
ain,savoie,29.0
var,bouches_du_rhone,271.0
bouches_du_rhone,alpes_de_haute_provence,46.0
alpes_de_haute_provence,bouches_du_rhone,48.0
meurthe_et_moselle,meuse,76.0
ain,haute_savoie,40.0
savoie,ain,38.0
doubs,jura,76.0
charente,charente_maritime,133.0
maine_et_loire,indre_et_loire,15.0
hautes_pyrenees,pyrenees_atlantiques,40.0
hautes_pyrenees,gers,10.0
gironde,lot_et_garonne,19.0
calvados,seine_maritime,24.0
seine_maritime,calvados,22.0
dordogne,charente,10.0
hautes_pyrenees,haute_garonne,12.0
vienne,indre_et_loire,25.0
haute_garonne,hautes_pyrenees,21.0
charente,haute_vienne,18.0
lot_et_garonne,tarn_et_garonne,62.0
indre_et_loire,vienne,27.0
eure,orne,13.0
eure_et_loir,orne,72.0
indre_et_loire,loir_et_cher,53.0
loir_et_cher,eure_et_loir,10.0
haute_garonne,gers,61.0
eure_et_loir,hauts_de_seine,10.0
correze,dordogne,57.0
loir_et_cher,indre,41.0
seine_maritime,oise,35.0
yvelines,eure_et_loir,253.0
eure_et_loir,loiret,30.0
oise,eure,53.0
loiret,eure_et_loir,38.0
essonne,eure_et_loir,33.0
essonne,loiret,46.0
cher,indre,13.0
val_d'oise,essonne,87.0
oise,hauts_de_seine,12.0
paris,oise,174.0
seine_saint_denis,oise,214.0
maine_et_loire,mayenne,21.0
seine_et_marne,loiret,67.0
pas_de_calais,somme,48.0
aude,pyrenees_orientales,13.0
seine_et_marne,yonne,59.0
puy_de_dome,haute_loire,50.0
gers,landes,35.0
aube,seine_et_marne,30.0
gironde,landes,37.0
aube,marne,91.0
marne,aisne,87.0
aube,yonne,11.0
marne,ardennes,65.0
loire,saone_et_loire,22.0
saone_et_loire,loire,13.0
ardeche,gard,19.0
vaucluse,ardeche,31.0
ardeche,loire,37.0
haute_marne,meuse,54.0
meuse,marne,29.0
cote_d'or,jura,45.0
ain,jura,59.0
jura,cote_d'or,62.0
haute_savoie,ain,35.0
vosges,haute_saone,24.0
territoire_de_belfort,haute_saone,51.0
haut_rhin,territoire_de_belfort,19.0
lot_et_garonne,gironde,22.0
indre_et_loire,maine_et_loire,18.0
gers,hautes_pyrenees,12.0
orne,eure,16.0
haute_vienne,charente,16.0
haute_vienne,dordogne,12.0
eure_et_loir,loir_et_cher,15.0
tarn_et_garonne,lot,10.0
haute_garonne,aude,14.0
indre,cher,24.0
aude,haute_garonne,18.0
yvelines,seine_et_marne,40.0
hauts_de_seine,eure_et_loir,14.0
hauts_de_seine,oise,25.0
paris,eure_et_loir,13.0
paris,aisne,11.0
val_de_marne,oise,12.0
cantal,correze,11.0
cher,loiret,15.0
pyrenees_orientales,aude,14.0
seine_et_marne,aisne,34.0
mayenne,maine_et_loire,19.0
seine_et_marne,aube,22.0
yonne,aube,11.0
yonne,cote_d'or,13.0
gard,ardeche,23.0
marne,haute_marne,10.0
drome,gard,16.0
rhone,ardeche,19.0
marne,meuse,12.0
haute_marne,marne,18.0
