bas_rhin,moselle,45.0
alpes_maritimes,alpes_maritimes,166176.0
haut_rhin,haut_rhin,126811.0
bas_rhin,bas_rhin,200133.0
orne,orne,40447.0
gironde,dordogne,74.0
hautes_pyrenees,hautes_pyrenees,34814.0
charente,charente,57429.0
dordogne,gironde,63.0
eure,calvados,35.0
vienne,vienne,64615.0
gers,gers,27941.0
lot_et_garonne,lot_et_garonne,55942.0
indre_et_loire,indre_et_loire,92003.0
dordogne,dordogne,68474.0
tarn_et_garonne,lot_et_garonne,10.0
seine_maritime,seine_maritime,223404.0
eure,seine_maritime,101.0
seine_maritime,eure,115.0
eure,eure,109430.0
calvados,calvados,108964.0
haute_vienne,haute_vienne,51828.0
tarn_et_garonne,tarn_et_garonne,43265.0
eure,eure_et_loir,35.0
haute_garonne,haute_garonne,214991.0
loir_et_cher,loir_et_cher,52213.0
eure_et_loir,eure_et_loir,70442.0
lot,lot,23072.0
indre,indre,33910.0
correze,correze,35846.0
correze,lot,10.0
yvelines,yvelines,197849.0
yvelines,seine_saint_denis,78.0
yvelines,paris,186.0
tarn,tarn,56975.0
yvelines,val_d'oise,302.0
yvelines,hauts_de_seine,526.0
val_d'oise,yvelines,278.0
loiret,loiret,107501.0
hauts_de_seine,yvelines,578.0
essonne,yvelines,24.0
hauts_de_seine,hauts_de_seine,159893.0
hauts_de_seine,seine_saint_denis,424.0
val_d'oise,hauts_de_seine,353.0
val_d'oise,val_d'oise,192068.0
hauts_de_seine,val_de_marne,420.0
hauts_de_seine,val_d'oise,356.0
hauts_de_seine,paris,1078.0
hauts_de_seine,essonne,133.0
hauts_de_seine,seine_et_marne,60.0
oise,val_d'oise,147.0
val_d'oise,paris,427.0
essonne,hauts_de_seine,134.0
somme,somme,105701.0
paris,essonne,391.0
paris,val_de_marne,1762.0
paris,hauts_de_seine,1066.0
paris,paris,228169.0
paris,yvelines,190.0
paris,seine_saint_denis,2088.0
paris,val_d'oise,492.0
gironde,gironde,294663.0
paris,seine_et_marne,303.0
essonne,essonne,212312.0
val_d'oise,seine_saint_denis,986.0
essonne,paris,390.0
val_d'oise,val_de_marne,128.0
essonne,seine_saint_denis,152.0
val_d'oise,oise,145.0
seine_saint_denis,val_d'oise,939.0
val_de_marne,hauts_de_seine,400.0
seine_saint_denis,hauts_de_seine,463.0
seine_saint_denis,oise,12.0
val_de_marne,paris,1706.0
essonne,val_de_marne,999.0
val_de_marne,essonne,960.0
seine_saint_denis,paris,1999.0
val_de_marne,yvelines,39.0
val_de_marne,val_d'oise,116.0
cher,cher,46775.0
val_de_marne,val_de_marne,286565.0
seine_saint_denis,seine_saint_denis,321304.0
val_de_marne,seine_saint_denis,1315.0
seine_saint_denis,val_de_marne,1346.0
val_d'oise,seine_et_marne,247.0
oise,oise,158497.0
seine_saint_denis,essonne,123.0
pas_de_calais,pas_de_calais,296947.0
seine_saint_denis,yvelines,84.0
seine_saint_denis,seine_et_marne,875.0
val_de_marne,seine_et_marne,633.0
maine_et_loire,maine_et_loire,114332.0
essonne,seine_et_marne,214.0
cantal,cantal,19026.0
oise,seine_et_marne,55.0
aude,aude,63628.0
seine_et_marne,hauts_de_seine,64.0
seine_et_marne,essonne,211.0
seine_et_marne,val_d'oise,211.0
loiret,seine_et_marne,10.0
seine_et_marne,seine_saint_denis,841.0
seine_et_marne,val_de_marne,688.0
seine_et_marne,paris,343.0
mayenne,mayenne,43294.0
seine_et_marne,seine_et_marne,291616.0
pas_de_calais,nord,434.0
pyrenees_orientales,pyrenees_orientales,93490.0
nord,pas_de_calais,427.0
nord,nord,497161.0
puy_de_dome,puy_de_dome,93860.0
nievre,nievre,31879.0
aisne,aisne,105670.0
yonne,yonne,57471.0
charente_maritime,charente_maritime,111613.0
herault,herault,203361.0
pyrenees_atlantiques,pyrenees_atlantiques,99483.0
haute_loire,haute_loire,30278.0
landes,landes,80191.0
aube,aube,51874.0
marne,marne,104413.0
herault,gard,95.0
gard,herault,100.0
haute_loire,loire,90.0
loire,loire,97529.0
loire,haute_loire,88.0
gard,gard,124998.0
loire,isere,12.0
loire,rhone,30.0
ardeche,ardeche,54540.0
saone_et_loire,saone_et_loire,81924.0
bouches_du_rhone,gard,66.0
gard,vaucluse,104.0
ardennes,ardennes,50787.0
drome,vaucluse,66.0
ardeche,drome,242.0
vaucluse,gard,99.0
rhone,ain,154.0
rhone,rhone,277551.0
cote_d'or,saone_et_loire,37.0
rhone,isere,134.0
drome,ardeche,237.0
ain,saone_et_loire,74.0
ain,rhone,172.0
drome,drome,68607.0
isere,rhone,98.0
cote_d'or,cote_d'or,81883.0
vaucluse,vaucluse,100786.0
vaucluse,drome,62.0
bouches_du_rhone,vaucluse,145.0
landes,pyrenees_atlantiques,95.0
drome,isere,27.0
vaucluse,bouches_du_rhone,131.0
haute_marne,haute_marne,32598.0
bouches_du_rhone,rhone,10.0
bouches_du_rhone,bouches_du_rhone,335243.0
ain,ain,91581.0
ain,isere,28.0
meuse,meuse,34228.0
isere,ain,23.0
isere,isere,181471.0
jura,jura,39913.0
manche,manche,72009.0
pyrenees_atlantiques,landes,93.0
calvados,orne,10.0
savoie,isere,42.0
alpes_de_haute_provence,alpes_de_haute_provence,26632.0
meurthe_et_moselle,moselle,80.0
loire_atlantique,loire_atlantique,198292.0
moselle,meurthe_et_moselle,65.0
meurthe_et_moselle,meurthe_et_moselle,137047.0
savoie,savoie,68106.0
haute_saone,haute_saone,37717.0
var,var,177907.0
haute_savoie,haute_savoie,129696.0
doubs,doubs,83846.0
moselle,moselle,187647.0
vosges,vosges,61008.0
var,alpes_maritimes,42.0
territoire_de_belfort,territoire_de_belfort,19864.0
alpes_maritimes,var,28.0
doubs,territoire_de_belfort,27.0
moselle,bas_rhin,29.0
calvados,eure,39.0
eure_et_loir,yvelines,12.0
haute_garonne,tarn,19.0
gironde,charente_maritime,21.0
seine_et_marne,oise,52.0
puy_de_dome,haute_loire,10.0
maine_et_loire,loire_atlantique,10.0
gard,bouches_du_rhone,56.0
ardeche,isere,27.0
saone_et_loire,cote_d'or,24.0
saone_et_loire,ain,74.0
rhone,seine_et_marne,10.0
saone_et_loire,jura,10.0
haute_saone,doubs,10.0
territoire_de_belfort,doubs,19.0
tarn_et_garonne,haute_garonne,11.0
eure_et_loir,eure,30.0
haute_garonne,tarn_et_garonne,18.0
somme,seine_maritime,10.0
yvelines,eure_et_loir,16.0
tarn,haute_garonne,25.0
yvelines,essonne,20.0
yvelines,val_de_marne,40.0
essonne,val_d'oise,12.0
seine_et_marne,rhone,13.0
aude,herault,11.0
seine_et_marne,yonne,12.0
somme,aisne,12.0
aisne,nord,12.0
manche,calvados,10.0
calvados,manche,11.0
aube,marne,16.0
rhone,loire,20.0
isere,ardeche,15.0
jura,saone_et_loire,12.0
var,bouches_du_rhone,11.0
isere,savoie,18.0
haute_savoie,savoie,16.0
