doubs,territoire_de_belfort,62.0
territoire_de_belfort,territoire_de_belfort,19709.0
territoire_de_belfort,doubs,69.0
alpes_maritimes,var,80.0
moselle,bas_rhin,72.0
bas_rhin,moselle,86.0
alpes_maritimes,alpes_maritimes,164069.0
gers,landes,38.0
haut_rhin,haut_rhin,126733.0
bas_rhin,haut_rhin,26.0
bas_rhin,bas_rhin,199658.0
orne,orne,40061.0
gironde,dordogne,95.0
hautes_pyrenees,hautes_pyrenees,34879.0
charente,charente,56712.0
dordogne,gironde,105.0
eure,calvados,57.0
vienne,vienne,64476.0
gers,gers,27623.0
lot_et_garonne,lot_et_garonne,55435.0
indre_et_loire,indre_et_loire,91689.0
dordogne,dordogne,68153.0
calvados,calvados,109097.0
haute_vienne,charente,12.0
seine_maritime,seine_maritime,223730.0
seine_maritime,eure,167.0
eure,eure,109192.0
eure,seine_maritime,169.0
haute_vienne,haute_vienne,51593.0
tarn_et_garonne,tarn_et_garonne,42701.0
tarn_et_garonne,haute_garonne,52.0
eure,eure_et_loir,72.0
haute_garonne,haute_garonne,213985.0
haute_garonne,tarn_et_garonne,55.0
loir_et_cher,loir_et_cher,51945.0
eure_et_loir,eure_et_loir,69906.0
eure_et_loir,yvelines,50.0
eure,yvelines,52.0
charente_maritime,charente,42.0
yvelines,eure,43.0
lot,lot,22761.0
indre,indre,33616.0
haute_garonne,tarn,49.0
correze,correze,35681.0
tarn,haute_garonne,43.0
yvelines,eure_et_loir,88.0
yvelines,yvelines,197567.0
yvelines,paris,302.0
yvelines,hauts_de_seine,835.0
tarn,tarn,56339.0
yvelines,val_d'oise,527.0
yvelines,val_de_marne,98.0
val_d'oise,yvelines,491.0
yvelines,seine_saint_denis,189.0
loiret,loiret,107243.0
hauts_de_seine,yvelines,903.0
val_d'oise,paris,649.0
essonne,yvelines,41.0
hauts_de_seine,hauts_de_seine,158800.0
val_d'oise,hauts_de_seine,524.0
val_d'oise,val_d'oise,190004.0
hauts_de_seine,seine_saint_denis,721.0
hauts_de_seine,paris,1479.0
hauts_de_seine,val_de_marne,679.0
hauts_de_seine,essonne,233.0
gironde,gironde,293533.0
hauts_de_seine,seine_et_marne,69.0
hauts_de_seine,val_d'oise,544.0
somme,somme,104841.0
essonne,hauts_de_seine,219.0
paris,val_de_marne,2393.0
paris,essonne,526.0
paris,hauts_de_seine,1522.0
paris,seine_et_marne,492.0
paris,paris,226557.0
paris,yvelines,323.0
paris,seine_saint_denis,2672.0
paris,val_d'oise,696.0
essonne,seine_saint_denis,229.0
val_d'oise,val_de_marne,183.0
essonne,essonne,210676.0
val_d'oise,seine_saint_denis,1400.0
maine_et_loire,maine_et_loire,114352.0
oise,val_d'oise,256.0
essonne,paris,504.0
val_d'oise,oise,265.0
seine_saint_denis,val_d'oise,1434.0
essonne,val_de_marne,1441.0
val_de_marne,hauts_de_seine,661.0
seine_saint_denis,yvelines,166.0
seine_saint_denis,essonne,226.0
val_de_marne,essonne,1511.0
val_de_marne,paris,2293.0
seine_saint_denis,paris,2599.0
seine_saint_denis,hauts_de_seine,668.0
val_de_marne,yvelines,86.0
cher,cher,46569.0
val_de_marne,val_de_marne,282125.0
seine_saint_denis,seine_saint_denis,314493.0
val_de_marne,val_d'oise,158.0
val_de_marne,seine_saint_denis,1979.0
seine_saint_denis,val_de_marne,1905.0
val_d'oise,seine_et_marne,180.0
oise,oise,157821.0
pas_de_calais,pas_de_calais,296400.0
seine_saint_denis,seine_et_marne,1098.0
val_de_marne,seine_et_marne,1122.0
essonne,seine_et_marne,384.0
cantal,cantal,18970.0
seine_et_marne,essonne,369.0
aude,aude,63120.0
mayenne,mayenne,43045.0
seine_et_marne,val_d'oise,152.0
seine_et_marne,seine_saint_denis,1122.0
seine_et_marne,val_de_marne,1084.0
seine_et_marne,hauts_de_seine,78.0
seine_et_marne,paris,433.0
seine_et_marne,seine_et_marne,288227.0
pas_de_calais,nord,773.0
nord,pas_de_calais,728.0
pyrenees_orientales,pyrenees_orientales,93110.0
herault,aude,22.0
calvados,manche,25.0
nord,nord,496800.0
charente_maritime,charente_maritime,110090.0
aisne,oise,26.0
aisne,somme,25.0
puy_de_dome,puy_de_dome,94060.0
pyrenees_atlantiques,pyrenees_atlantiques,98739.0
nievre,nievre,31744.0
aisne,aisne,105107.0
yonne,yonne,56758.0
landes,landes,79248.0
herault,herault,202357.0
haute_loire,haute_loire,30123.0
aube,aube,51505.0
marne,marne,103824.0
herault,gard,140.0
gard,herault,146.0
haute_loire,loire,148.0
loire,loire,97542.0
gard,gard,124139.0
maine_et_loire,loire_atlantique,20.0
loire,haute_loire,144.0
gard,bouches_du_rhone,99.0
loire,rhone,55.0
bouches_du_rhone,gard,112.0
ardeche,ardeche,54815.0
saone_et_loire,saone_et_loire,80858.0
loire,isere,42.0
ardennes,ardennes,50506.0
gard,vaucluse,138.0
vaucluse,gard,159.0
pyrenees_atlantiques,landes,136.0
drome,vaucluse,98.0
saone_et_loire,ain,132.0
rhone,rhone,276366.0
rhone,ain,251.0
ain,rhone,224.0
cote_d'or,saone_et_loire,26.0
ardeche,drome,385.0
vaucluse,drome,113.0
drome,ardeche,392.0
ain,saone_et_loire,125.0
landes,pyrenees_atlantiques,144.0
rhone,isere,264.0
drome,drome,68068.0
cote_d'or,cote_d'or,81178.0
isere,rhone,274.0
vaucluse,vaucluse,99722.0
bouches_du_rhone,vaucluse,283.0
vaucluse,bouches_du_rhone,274.0
isere,drome,46.0
haute_marne,haute_marne,32351.0
bouches_du_rhone,bouches_du_rhone,331770.0
ain,ain,90540.0
ain,isere,70.0
saone_et_loire,jura,22.0
isere,ain,79.0
meuse,meuse,33926.0
isere,isere,180097.0
bouches_du_rhone,var,74.0
manche,manche,71835.0
jura,jura,39432.0
meuse,meurthe_et_moselle,10.0
isere,savoie,76.0
loire_atlantique,loire_atlantique,198132.0
savoie,haute_savoie,38.0
meurthe_et_moselle,moselle,147.0
alpes_de_haute_provence,alpes_de_haute_provence,26530.0
moselle,meurthe_et_moselle,167.0
meurthe_et_moselle,meurthe_et_moselle,136349.0
savoie,savoie,67235.0
haute_saone,haute_saone,37327.0
var,var,176541.0
haute_savoie,savoie,53.0
haute_savoie,haute_savoie,128668.0
doubs,doubs,82904.0
moselle,moselle,185196.0
vosges,vosges,60738.0
var,alpes_maritimes,75.0
vosges,meurthe_et_moselle,28.0
haut_rhin,bas_rhin,34.0
pyrenees_atlantiques,hautes_pyrenees,21.0
charente,dordogne,11.0
calvados,eure,69.0
orne,eure_et_loir,10.0
dordogne,correze,11.0
eure_et_loir,eure,65.0
seine_maritime,somme,35.0
correze,dordogne,11.0
somme,seine_maritime,44.0
correze,lot,13.0
gironde,charente_maritime,26.0
paris,oise,24.0
orne,calvados,12.0
seine_saint_denis,oise,37.0
pas_de_calais,somme,13.0
seine_et_marne,oise,52.0
oise,seine_et_marne,32.0
aude,herault,22.0
oise,aisne,51.0
cher,nievre,27.0
yonne,seine_et_marne,21.0
aisne,nord,28.0
aube,marne,39.0
marne,aube,29.0
aisne,marne,14.0
landes,gironde,10.0
saone_et_loire,rhone,13.0
rhone,loire,48.0
ardeche,isere,34.0
isere,ardeche,23.0
saone_et_loire,cote_d'or,21.0
drome,isere,38.0
loire_atlantique,maine_et_loire,39.0
jura,saone_et_loire,32.0
savoie,isere,47.0
var,bouches_du_rhone,41.0
doubs,haute_saone,23.0
calvados,orne,30.0
meurthe_et_moselle,vosges,12.0
charente,charente_maritime,29.0
dordogne,charente,15.0
eure_et_loir,orne,13.0
haute_garonne,gers,11.0
loir_et_cher,indre,12.0
charente_maritime,gironde,17.0
loiret,loir_et_cher,10.0
eure,oise,13.0
oise,seine_maritime,12.0
yvelines,essonne,34.0
oise,seine_saint_denis,17.0
somme,oise,22.0
seine_et_marne,yonne,16.0
nievre,cher,35.0
somme,aisne,10.0
manche,calvados,12.0
nord,aisne,16.0
gard,ardeche,10.0
isere,loire,19.0
jura,cote_d'or,22.0
ain,jura,16.0
meurthe_et_moselle,meuse,13.0
