var,bouches_du_rhone,228.0
haute_savoie,ain,59.0
loire_atlantique,loire_atlantique,201401.0
savoie,isere,179.0
isere,savoie,167.0
savoie,haute_savoie,177.0
alpes_de_haute_provence,alpes_de_haute_provence,26269.0
meurthe_et_moselle,moselle,452.0
haute_savoie,savoie,210.0
moselle,meurthe_et_moselle,499.0
meurthe_et_moselle,meurthe_et_moselle,133483.0
haute_saone,haute_saone,36060.0
savoie,savoie,69637.0
var,var,176921.0
haute_saone,doubs,155.0
haute_savoie,haute_savoie,129116.0
doubs,haut_rhin,14.0
doubs,doubs,81391.0
moselle,moselle,181862.0
vosges,vosges,59993.0
doubs,haute_saone,167.0
var,alpes_maritimes,257.0
doubs,territoire_de_belfort,294.0
territoire_de_belfort,doubs,273.0
territoire_de_belfort,territoire_de_belfort,19449.0
alpes_maritimes,var,287.0
moselle,bas_rhin,203.0
alpes_maritimes,alpes_maritimes,165311.0
bas_rhin,moselle,225.0
haut_rhin,bas_rhin,136.0
haut_rhin,haut_rhin,124136.0
charente,charente_maritime,166.0
bas_rhin,haut_rhin,122.0
bas_rhin,bas_rhin,201865.0
gers,landes,43.0
pyrenees_atlantiques,hautes_pyrenees,58.0
orne,orne,38996.0
gironde,dordogne,214.0
hautes_pyrenees,hautes_pyrenees,34720.0
charente,charente,56308.0
dordogne,gironde,199.0
calvados,eure,114.0
eure,calvados,152.0
vienne,vienne,64307.0
gers,gers,26780.0
lot_et_garonne,lot_et_garonne,55169.0
indre_et_loire,vienne,39.0
orne,eure,44.0
indre_et_loire,indre_et_loire,92769.0
dordogne,dordogne,67179.0
orne,eure_et_loir,62.0
calvados,calvados,109297.0
seine_maritime,seine_maritime,223994.0
seine_maritime,eure,832.0
gers,haute_garonne,38.0
eure,seine_maritime,795.0
eure,eure,106104.0
eure_et_loir,eure,144.0
haute_vienne,haute_vienne,51243.0
eure,eure_et_loir,168.0
tarn_et_garonne,tarn_et_garonne,42461.0
tarn_et_garonne,haute_garonne,219.0
dordogne,correze,56.0
haute_garonne,haute_garonne,219069.0
loir_et_cher,loir_et_cher,50788.0
haute_garonne,tarn_et_garonne,266.0
eure_et_loir,eure_et_loir,68193.0
eure,yvelines,120.0
seine_maritime,somme,172.0
eure_et_loir,yvelines,167.0
loir_et_cher,loiret,98.0
indre,loir_et_cher,56.0
lot,lot,22356.0
charente_maritime,charente,157.0
somme,seine_maritime,166.0
yvelines,eure,126.0
haute_garonne,tarn,180.0
eure,val_d'oise,10.0
eure,oise,54.0
indre,indre,33173.0
correze,correze,35669.0
seine_maritime,oise,45.0
correze,lot,75.0
yvelines,eure_et_loir,211.0
lot,correze,81.0
tarn,haute_garonne,203.0
eure_et_loir,essonne,31.0
yvelines,yvelines,197402.0
yvelines,paris,858.0
yvelines,val_de_marne,298.0
yvelines,hauts_de_seine,1828.0
yvelines,seine_et_marne,48.0
yvelines,val_d'oise,1113.0
tarn,tarn,56212.0
yvelines,essonne,270.0
yvelines,seine_saint_denis,496.0
val_d'oise,yvelines,1204.0
loiret,loiret,106030.0
hauts_de_seine,yvelines,1898.0
val_d'oise,hauts_de_seine,1202.0
hauts_de_seine,hauts_de_seine,161078.0
hauts_de_seine,val_de_marne,1530.0
val_d'oise,val_d'oise,188556.0
charente_maritime,gironde,53.0
hauts_de_seine,paris,2936.0
hauts_de_seine,val_d'oise,1209.0
hauts_de_seine,seine_saint_denis,1608.0
hauts_de_seine,essonne,671.0
hauts_de_seine,seine_et_marne,279.0
val_d'oise,paris,1648.0
calvados,orne,75.0
essonne,yvelines,198.0
somme,somme,103781.0
val_d'oise,val_de_marne,554.0
essonne,hauts_de_seine,634.0
val_d'oise,seine_saint_denis,2996.0
paris,essonne,1398.0
paris,val_de_marne,4524.0
paris,yvelines,921.0
paris,hauts_de_seine,3016.0
paris,paris,233006.0
paris,seine_et_marne,1463.0
paris,seine_saint_denis,5170.0
paris,val_d'oise,1794.0
essonne,essonne,208958.0
gironde,gironde,298619.0
essonne,paris,1288.0
essonne,val_d'oise,94.0
oise,val_d'oise,772.0
val_d'oise,essonne,89.0
essonne,val_de_marne,3499.0
val_d'oise,oise,896.0
oise,paris,127.0
essonne,seine_saint_denis,625.0
val_de_marne,hauts_de_seine,1429.0
seine_saint_denis,val_d'oise,2977.0
seine_saint_denis,oise,193.0
seine_saint_denis,yvelines,457.0
val_de_marne,essonne,3527.0
val_de_marne,paris,4435.0
seine_saint_denis,hauts_de_seine,1490.0
seine_saint_denis,paris,5015.0
maine_et_loire,maine_et_loire,113191.0
val_de_marne,val_d'oise,583.0
cher,cher,45834.0
val_de_marne,yvelines,330.0
val_de_marne,val_de_marne,282942.0
seine_saint_denis,seine_saint_denis,311875.0
val_d'oise,seine_et_marne,857.0
seine_saint_denis,essonne,655.0
val_de_marne,seine_saint_denis,3591.0
seine_saint_denis,val_de_marne,3530.0
oise,oise,154881.0
pas_de_calais,pas_de_calais,292261.0
essonne,seine_et_marne,1250.0
seine_saint_denis,seine_et_marne,2649.0
val_de_marne,seine_et_marne,2761.0
oise,seine_saint_denis,141.0
cantal,cantal,18615.0
somme,oise,54.0
aude,aude,63434.0
seine_et_marne,yvelines,50.0
seine_et_marne,essonne,1221.0
loiret,seine_et_marne,98.0
seine_et_marne,hauts_de_seine,249.0
seine_et_marne,seine_saint_denis,2594.0
seine_et_marne,val_de_marne,2636.0
seine_et_marne,val_d'oise,742.0
oise,seine_et_marne,246.0
seine_et_marne,paris,1307.0
seine_et_marne,oise,262.0
loiret,cher,20.0
seine_et_marne,seine_et_marne,284798.0
pas_de_calais,somme,56.0
pas_de_calais,nord,2314.0
mayenne,mayenne,42130.0
pyrenees_orientales,pyrenees_orientales,94233.0
nord,pas_de_calais,2429.0
nievre,cher,104.0
aude,herault,84.0
cher,nievre,97.0
herault,aude,55.0
somme,aisne,75.0
nord,nord,497027.0
charente_maritime,charente_maritime,110452.0
aisne,oise,129.0
puy_de_dome,puy_de_dome,95048.0
aisne,val_d'oise,13.0
aisne,somme,78.0
pyrenees_atlantiques,pyrenees_atlantiques,98983.0
aisne,seine_et_marne,53.0
nievre,nievre,31368.0
calvados,manche,89.0
haute_loire,puy_de_dome,56.0
landes,landes,78324.0
aisne,aisne,103072.0
yonne,yonne,56395.0
herault,herault,204945.0
aube,marne,98.0
aisne,nord,96.0
marne,aube,67.0
aisne,marne,106.0
haute_loire,haute_loire,29418.0
nord,aisne,88.0
aube,aube,51775.0
marne,marne,104194.0
herault,gard,421.0
gard,herault,451.0
haute_loire,loire,293.0
loire,loire,97780.0
gard,gard,123230.0
loire,haute_loire,314.0
manche,calvados,82.0
maine_et_loire,loire_atlantique,108.0
loire,rhone,306.0
gard,bouches_du_rhone,322.0
ardeche,vaucluse,26.0
ardeche,ardeche,53567.0
saone_et_loire,saone_et_loire,79655.0
bouches_du_rhone,gard,320.0
rhone,loire,367.0
rhone,saone_et_loire,97.0
ardeche,loire,47.0
loire,isere,76.0
gard,vaucluse,390.0
ardennes,ardennes,49170.0
ardeche,isere,135.0
ardeche,rhone,10.0
saone_et_loire,rhone,96.0
vaucluse,gard,390.0
isere,ardeche,128.0
saone_et_loire,ain,318.0
drome,vaucluse,295.0
rhone,ain,837.0
rhone,rhone,284787.0
ardeche,drome,1037.0
saone_et_loire,cote_d'or,144.0
vaucluse,drome,291.0
rhone,isere,1471.0
drome,ardeche,1025.0
ain,saone_et_loire,346.0
drome,drome,67535.0
ain,rhone,782.0
pyrenees_atlantiques,landes,367.0
cote_d'or,cote_d'or,81367.0
vaucluse,vaucluse,99588.0
bouches_du_rhone,vaucluse,819.0
isere,drome,91.0
isere,rhone,1320.0
vaucluse,bouches_du_rhone,731.0
drome,isere,83.0
meuse,haute_marne,63.0
haute_marne,haute_marne,31812.0
landes,pyrenees_atlantiques,340.0
bouches_du_rhone,bouches_du_rhone,337052.0
ain,isere,341.0
ain,ain,87923.0
isere,ain,318.0
meuse,meuse,32461.0
cote_d'or,jura,61.0
isere,isere,181167.0
manche,manche,71326.0
bouches_du_rhone,var,280.0
jura,jura,38296.0
meuse,meurthe_et_moselle,32.0
jura,doubs,54.0
alpes_de_haute_provence,bouches_du_rhone,73.0
isere,loire,63.0
cote_d'or,saone_et_loire,149.0
haute_marne,meuse,57.0
saone_et_loire,jura,40.0
bouches_du_rhone,paris,13.0
ain,jura,38.0
jura,cote_d'or,66.0
jura,saone_et_loire,51.0
bouches_du_rhone,alpes_de_haute_provence,53.0
jura,ain,28.0
ain,savoie,21.0
meurthe_et_moselle,meuse,55.0
doubs,jura,51.0
ain,haute_savoie,37.0
vosges,meurthe_et_moselle,49.0
savoie,rhone,12.0
meurthe_et_moselle,vosges,49.0
haute_saone,territoire_de_belfort,12.0
territoire_de_belfort,haut_rhin,18.0
landes,gers,32.0
gironde,lot_et_garonne,35.0
maine_et_loire,indre_et_loire,16.0
hautes_pyrenees,pyrenees_atlantiques,54.0
lot_et_garonne,gironde,28.0
dordogne,charente,12.0
vienne,indre_et_loire,41.0
gers,lot_et_garonne,16.0
orne,mayenne,27.0
lot_et_garonne,tarn_et_garonne,34.0
eure_et_loir,orne,66.0
tarn_et_garonne,lot_et_garonne,16.0
indre_et_loire,loir_et_cher,57.0
loir_et_cher,indre_et_loire,52.0
dordogne,haute_vienne,10.0
haute_garonne,gers,58.0
eure_et_loir,paris,18.0
correze,dordogne,44.0
lot,tarn_et_garonne,12.0
loir_et_cher,indre,43.0
loiret,loir_et_cher,79.0
oise,eure,62.0
eure_et_loir,loiret,33.0
mayenne,orne,11.0
loiret,eure_et_loir,47.0
gironde,charente_maritime,58.0
aude,haute_garonne,23.0
cher,indre,16.0
loiret,essonne,17.0
hauts_de_seine,oise,26.0
orne,calvados,87.0
paris,oise,160.0
paris,gironde,11.0
oise,val_de_marne,10.0
oise,somme,55.0
seine_et_marne,rhone,12.0
seine_et_marne,loiret,111.0
somme,pas_de_calais,41.0
nievre,loiret,12.0
oise,aisne,124.0
aude,pyrenees_orientales,10.0
seine_et_marne,yonne,49.0
seine_et_marne,aube,35.0
yonne,seine_et_marne,37.0
puy_de_dome,haute_loire,49.0
landes,gironde,11.0
aube,seine_et_marne,11.0
marne,aisne,100.0
saone_et_loire,loire,13.0
ardennes,marne,30.0
loire_atlantique,maine_et_loire,116.0
gard,ardeche,27.0
loire,ardeche,30.0
marne,haute_marne,13.0
vaucluse,ardeche,24.0
drome,gard,18.0
rhone,ardeche,17.0
haute_marne,marne,15.0
var,alpes_de_haute_provence,10.0
vosges,haute_saone,10.0
territoire_de_belfort,haute_saone,29.0
haut_rhin,territoire_de_belfort,13.0
hautes_pyrenees,gers,10.0
indre_et_loire,maine_et_loire,16.0
seine_maritime,calvados,16.0
charente,dordogne,14.0
lot_et_garonne,gers,15.0
charente,haute_vienne,10.0
eure,orne,17.0
indre_et_loire,indre,13.0
haute_garonne,aude,21.0
oise,seine_maritime,26.0
val_d'oise,eure,20.0
indre,cher,16.0
essonne,eure_et_loir,26.0
essonne,loiret,34.0
hauts_de_seine,eure_et_loir,17.0
essonne,haute_garonne,13.0
paris,eure,11.0
paris,bas_rhin,15.0
paris,eure_et_loir,19.0
paris,loiret,16.0
paris,nord,10.0
val_de_marne,oise,13.0
val_de_marne,rhone,11.0
val_de_marne,bouches_du_rhone,10.0
seine_et_marne,bouches_du_rhone,11.0
cher,loiret,16.0
pyrenees_orientales,aude,14.0
seine_et_marne,aisne,36.0
yonne,loiret,10.0
maine_et_loire,mayenne,12.0
gironde,landes,19.0
yonne,cote_d'or,11.0
marne,ardennes,52.0
loire,saone_et_loire,14.0
