bas_rhin,moselle,34.0
alpes_maritimes,alpes_maritimes,164351.0
haut_rhin,haut_rhin,127925.0
bas_rhin,bas_rhin,201462.0
orne,orne,40781.0
calvados,calvados,109291.0
gironde,dordogne,89.0
hautes_pyrenees,hautes_pyrenees,34858.0
charente,charente,57179.0
dordogne,gironde,86.0
eure,calvados,60.0
vienne,vienne,65002.0
gers,gers,27875.0
lot_et_garonne,lot_et_garonne,55560.0
indre_et_loire,indre_et_loire,92974.0
dordogne,dordogne,69148.0
seine_maritime,seine_maritime,225151.0
eure,seine_maritime,144.0
seine_maritime,eure,156.0
eure,eure,111076.0
gers,haute_garonne,11.0
haute_vienne,haute_vienne,52156.0
eure,eure_et_loir,64.0
tarn_et_garonne,tarn_et_garonne,43354.0
tarn_et_garonne,haute_garonne,47.0
haute_garonne,tarn_et_garonne,30.0
haute_garonne,haute_garonne,213714.0
loir_et_cher,loir_et_cher,52946.0
eure_et_loir,eure_et_loir,70832.0
eure_et_loir,eure,39.0
eure,yvelines,21.0
seine_maritime,somme,60.0
somme,seine_maritime,50.0
lot,lot,23288.0
indre,indre,34180.0
correze,lot,12.0
correze,correze,36260.0
charente_maritime,gironde,18.0
tarn,haute_garonne,56.0
yvelines,yvelines,199807.0
gironde,gironde,295417.0
yvelines,paris,237.0
yvelines,hauts_de_seine,722.0
yvelines,val_d'oise,438.0
tarn,tarn,57168.0
yvelines,val_de_marne,87.0
val_d'oise,yvelines,484.0
yvelines,seine_saint_denis,135.0
loiret,loiret,108194.0
hauts_de_seine,yvelines,705.0
hauts_de_seine,hauts_de_seine,159662.0
val_d'oise,val_d'oise,191227.0
hauts_de_seine,seine_saint_denis,577.0
val_d'oise,hauts_de_seine,454.0
hauts_de_seine,paris,1411.0
hauts_de_seine,val_d'oise,499.0
hauts_de_seine,essonne,167.0
hauts_de_seine,val_de_marne,531.0
maine_et_loire,maine_et_loire,115755.0
val_d'oise,paris,558.0
val_d'oise,val_de_marne,137.0
somme,somme,106280.0
val_d'oise,oise,189.0
essonne,hauts_de_seine,156.0
paris,paris,225962.0
paris,hauts_de_seine,1410.0
gironde,charente_maritime,16.0
paris,seine_et_marne,354.0
paris,yvelines,255.0
paris,val_d'oise,618.0
paris,essonne,416.0
paris,val_de_marne,2133.0
paris,seine_saint_denis,2488.0
essonne,essonne,211758.0
val_d'oise,seine_saint_denis,1282.0
essonne,paris,402.0
essonne,seine_saint_denis,213.0
oise,val_d'oise,172.0
seine_saint_denis,val_d'oise,1248.0
seine_saint_denis,yvelines,117.0
val_de_marne,hauts_de_seine,572.0
val_de_marne,paris,2117.0
val_de_marne,essonne,1133.0
seine_saint_denis,hauts_de_seine,607.0
essonne,val_de_marne,1122.0
seine_saint_denis,paris,2456.0
mayenne,mayenne,43670.0
val_de_marne,val_d'oise,154.0
seine_saint_denis,essonne,197.0
cher,cher,47177.0
val_de_marne,val_de_marne,285189.0
seine_saint_denis,seine_saint_denis,315452.0
val_de_marne,seine_saint_denis,1912.0
seine_saint_denis,val_de_marne,1942.0
oise,oise,160628.0
pas_de_calais,pas_de_calais,299638.0
val_d'oise,seine_et_marne,118.0
seine_saint_denis,seine_et_marne,1029.0
val_de_marne,seine_et_marne,814.0
essonne,seine_et_marne,294.0
cantal,cantal,18801.0
aude,aude,62982.0
seine_et_marne,hauts_de_seine,59.0
seine_et_marne,essonne,276.0
seine_et_marne,val_d'oise,110.0
seine_et_marne,seine_saint_denis,1029.0
seine_et_marne,val_de_marne,850.0
seine_et_marne,paris,297.0
seine_et_marne,seine_et_marne,292980.0
pas_de_calais,nord,585.0
nord,pas_de_calais,558.0
pyrenees_orientales,pyrenees_orientales,92891.0
cher,nievre,25.0
charente_maritime,charente_maritime,111549.0
pyrenees_atlantiques,pyrenees_atlantiques,99636.0
nord,nord,499446.0
yonne,seine_et_marne,11.0
puy_de_dome,puy_de_dome,94453.0
nievre,nievre,32226.0
aisne,aisne,106382.0
landes,landes,81219.0
yonne,yonne,57726.0
herault,herault,201458.0
haute_loire,haute_loire,30580.0
aube,aube,52197.0
herault,gard,132.0
marne,marne,104346.0
gard,herault,109.0
haute_loire,loire,102.0
loire,loire,98861.0
loire,haute_loire,104.0
gard,gard,124475.0
gard,ardeche,11.0
loire,rhone,62.0
gard,bouches_du_rhone,77.0
ardeche,ardeche,54850.0
saone_et_loire,saone_et_loire,82678.0
bouches_du_rhone,gard,75.0
ardennes,ardennes,50788.0
gard,vaucluse,109.0
drome,vaucluse,63.0
rhone,ain,195.0
vaucluse,gard,126.0
ardeche,drome,302.0
saone_et_loire,ain,105.0
rhone,rhone,277104.0
saone_et_loire,cote_d'or,34.0
rhone,isere,174.0
ain,rhone,180.0
ain,saone_et_loire,105.0
drome,ardeche,291.0
drome,drome,68621.0
cote_d'or,cote_d'or,81976.0
isere,rhone,219.0
vaucluse,vaucluse,99994.0
isere,drome,37.0
pyrenees_atlantiques,landes,89.0
bouches_du_rhone,vaucluse,163.0
vaucluse,drome,74.0
drome,isere,48.0
vaucluse,bouches_du_rhone,146.0
haute_marne,haute_marne,32756.0
isere,ain,47.0
bouches_du_rhone,bouches_du_rhone,332211.0
ain,ain,92188.0
cote_d'or,jura,10.0
saone_et_loire,jura,50.0
jura,saone_et_loire,42.0
meuse,meuse,34161.0
ain,isere,46.0
isere,isere,181889.0
manche,manche,72318.0
jura,jura,39737.0
landes,pyrenees_atlantiques,81.0
var,bouches_du_rhone,32.0
doubs,haute_saone,23.0
savoie,isere,36.0
isere,savoie,59.0
loire_atlantique,loire_atlantique,199156.0
haute_savoie,savoie,46.0
alpes_de_haute_provence,alpes_de_haute_provence,26360.0
meurthe_et_moselle,moselle,151.0
moselle,meurthe_et_moselle,134.0
meurthe_et_moselle,meurthe_et_moselle,136908.0
savoie,savoie,67262.0
haute_saone,haute_saone,37600.0
var,var,177430.0
haute_savoie,haute_savoie,129700.0
doubs,doubs,83664.0
moselle,moselle,185333.0
vosges,vosges,61126.0
haute_saone,doubs,24.0
var,alpes_maritimes,28.0
doubs,territoire_de_belfort,33.0
alpes_maritimes,var,48.0
territoire_de_belfort,territoire_de_belfort,19689.0
territoire_de_belfort,doubs,36.0
moselle,bas_rhin,37.0
landes,gers,22.0
bas_rhin,haut_rhin,20.0
calvados,eure,36.0
hautes_pyrenees,pyrenees_atlantiques,13.0
yvelines,eure,23.0
haute_garonne,tarn,45.0
hauts_de_seine,seine_et_marne,47.0
val_de_marne,yvelines,62.0
oise,seine_et_marne,21.0
nievre,cher,15.0
aisne,somme,11.0
aisne,oise,21.0
aube,marne,34.0
rhone,loire,44.0
saone_et_loire,rhone,11.0
cote_d'or,saone_et_loire,24.0
isere,loire,30.0
isere,ardeche,23.0
bouches_du_rhone,var,49.0
savoie,haute_savoie,19.0
vosges,meurthe_et_moselle,10.0
meurthe_et_moselle,vosges,13.0
haute_garonne,gers,11.0
loir_et_cher,indre,11.0
eure_et_loir,yvelines,13.0
loiret,loir_et_cher,10.0
yvelines,eure_et_loir,12.0
essonne,yvelines,12.0
paris,oise,12.0
oise,seine_saint_denis,23.0
oise,paris,11.0
seine_saint_denis,oise,12.0
oise,somme,19.0
seine_et_marne,oise,11.0
calvados,orne,13.0
seine_et_marne,yonne,11.0
oise,aisne,13.0
seine_et_marne,aisne,11.0
calvados,manche,11.0
manche,calvados,10.0
marne,aube,12.0
marne,aisne,13.0
aisne,nord,18.0
loire,isere,11.0
ardeche,isere,13.0
jura,cote_d'or,12.0
