meurthe_et_moselle,moselle,602.0
savoie,haute_savoie,215.0
alpes_de_haute_provence,alpes_de_haute_provence,26616.0
moselle,meurthe_et_moselle,577.0
haute_saone,doubs,151.0
meurthe_et_moselle,meurthe_et_moselle,136365.0
savoie,savoie,68066.0
haute_saone,haute_saone,36499.0
var,var,179648.0
haute_savoie,haute_savoie,129986.0
doubs,doubs,82431.0
moselle,moselle,185252.0
vosges,vosges,60314.0
doubs,haute_saone,177.0
meurthe_et_moselle,vosges,74.0
haute_saone,territoire_de_belfort,59.0
var,alpes_maritimes,269.0
doubs,territoire_de_belfort,303.0
territoire_de_belfort,doubs,325.0
territoire_de_belfort,territoire_de_belfort,19758.0
alpes_maritimes,var,267.0
orne,calvados,83.0
bas_rhin,moselle,234.0
alpes_maritimes,alpes_maritimes,167741.0
moselle,bas_rhin,230.0
haut_rhin,haut_rhin,125665.0
haut_rhin,bas_rhin,172.0
charente,charente_maritime,152.0
bas_rhin,haut_rhin,152.0
pyrenees_atlantiques,hautes_pyrenees,41.0
maine_et_loire,indre_et_loire,10.0
bas_rhin,bas_rhin,203357.0
calvados,calvados,111453.0
orne,orne,39638.0
gironde,dordogne,244.0
hautes_pyrenees,hautes_pyrenees,35584.0
charente,charente,57344.0
dordogne,gironde,213.0
calvados,eure,153.0
eure,calvados,135.0
vienne,vienne,65068.0
gers,gers,27656.0
lot_et_garonne,lot_et_garonne,55982.0
indre_et_loire,indre_et_loire,93383.0
dordogne,dordogne,68477.0
orne,eure_et_loir,52.0
seine_maritime,seine_maritime,228418.0
charente_maritime,charente,164.0
tarn_et_garonne,lot_et_garonne,62.0
seine_maritime,eure,797.0
eure,seine_maritime,801.0
loir_et_cher,indre_et_loire,67.0
eure,eure,108983.0
gers,haute_garonne,60.0
haute_vienne,haute_vienne,52559.0
tarn_et_garonne,tarn_et_garonne,43386.0
eure_et_loir,eure,154.0
eure,eure_et_loir,163.0
tarn_et_garonne,haute_garonne,216.0
dordogne,correze,76.0
haute_garonne,haute_garonne,222044.0
loir_et_cher,loir_et_cher,52004.0
calvados,orne,92.0
eure_et_loir,eure_et_loir,69631.0
eure,yvelines,95.0
haute_garonne,tarn_et_garonne,198.0
seine_maritime,somme,135.0
eure_et_loir,yvelines,182.0
loir_et_cher,loiret,90.0
somme,seine_maritime,156.0
lot,lot,22971.0
yvelines,eure,129.0
indre,indre,33985.0
haute_garonne,tarn,202.0
correze,correze,36098.0
loiret,loir_et_cher,83.0
yvelines,eure_et_loir,219.0
correze,lot,74.0
lot,correze,74.0
gironde,gironde,304618.0
tarn,haute_garonne,170.0
eure_et_loir,essonne,26.0
maine_et_loire,maine_et_loire,115792.0
yvelines,yvelines,201728.0
yvelines,essonne,220.0
yvelines,paris,873.0
yvelines,hauts_de_seine,1898.0
yvelines,val_d'oise,1112.0
yvelines,val_de_marne,391.0
yvelines,seine_saint_denis,559.0
tarn,tarn,57469.0
val_d'oise,yvelines,1102.0
loiret,loiret,108287.0
hauts_de_seine,yvelines,1901.0
val_d'oise,hauts_de_seine,1151.0
essonne,yvelines,228.0
hauts_de_seine,hauts_de_seine,164477.0
val_d'oise,val_d'oise,189229.0
hauts_de_seine,val_de_marne,1439.0
hauts_de_seine,paris,3006.0
hauts_de_seine,essonne,646.0
hauts_de_seine,seine_saint_denis,1609.0
hauts_de_seine,val_d'oise,1114.0
val_d'oise,paris,1524.0
val_d'oise,val_de_marne,512.0
val_d'oise,essonne,87.0
oise,val_d'oise,701.0
somme,somme,105958.0
val_d'oise,seine_saint_denis,2871.0
val_d'oise,oise,785.0
paris,essonne,1154.0
paris,val_de_marne,4485.0
paris,hauts_de_seine,2946.0
paris,paris,234829.0
paris,seine_et_marne,1050.0
paris,yvelines,851.0
mayenne,mayenne,43177.0
paris,seine_saint_denis,4980.0
paris,val_d'oise,1527.0
paris,oise,132.0
essonne,hauts_de_seine,626.0
essonne,essonne,211057.0
pas_de_calais,somme,60.0
essonne,paris,1180.0
essonne,seine_saint_denis,587.0
oise,paris,108.0
essonne,val_de_marne,3057.0
essonne,val_d'oise,85.0
seine_saint_denis,val_d'oise,2796.0
val_de_marne,yvelines,400.0
val_de_marne,essonne,3103.0
val_de_marne,hauts_de_seine,1431.0
val_de_marne,paris,4399.0
seine_saint_denis,yvelines,564.0
seine_saint_denis,paris,4997.0
cher,cher,46616.0
seine_saint_denis,hauts_de_seine,1606.0
val_de_marne,val_de_marne,285659.0
seine_saint_denis,seine_saint_denis,310464.0
val_de_marne,val_d'oise,492.0
val_de_marne,seine_saint_denis,3751.0
seine_saint_denis,val_de_marne,3724.0
seine_saint_denis,essonne,579.0
val_d'oise,seine_et_marne,438.0
oise,oise,157980.0
pas_de_calais,pas_de_calais,297718.0
seine_saint_denis,seine_et_marne,2308.0
essonne,seine_et_marne,1019.0
val_de_marne,seine_et_marne,2486.0
oise,seine_saint_denis,139.0
loiret,seine_et_marne,81.0
cantal,cantal,18962.0
aude,aude,64174.0
seine_et_marne,yvelines,32.0
seine_et_marne,essonne,1014.0
oise,val_de_marne,14.0
seine_et_marne,val_d'oise,434.0
charente_maritime,charente_maritime,112626.0
seine_et_marne,val_de_marne,2449.0
seine_et_marne,seine_saint_denis,2294.0
seine_et_marne,hauts_de_seine,208.0
seine_et_marne,paris,1011.0
oise,seine_et_marne,142.0
seine_et_marne,oise,153.0
pas_de_calais,nord,2484.0
seine_et_marne,seine_et_marne,289548.0
pyrenees_orientales,pyrenees_orientales,96093.0
pyrenees_atlantiques,pyrenees_atlantiques,101604.0
nord,pas_de_calais,2488.0
nievre,cher,116.0
cher,nievre,121.0
aude,herault,110.0
herault,aude,98.0
landes,landes,79856.0
aisne,somme,72.0
yonne,seine_et_marne,81.0
nord,nord,505950.0
aisne,oise,128.0
puy_de_dome,puy_de_dome,96310.0
nievre,nievre,32007.0
aisne,seine_et_marne,33.0
haute_loire,puy_de_dome,57.0
puy_de_dome,haute_loire,58.0
aisne,aisne,104556.0
yonne,yonne,57430.0
landes,gironde,45.0
herault,herault,207328.0
marne,aube,75.0
aisne,marne,77.0
aisne,nord,72.0
haute_loire,haute_loire,30252.0
aube,aube,52087.0
herault,gard,530.0
marne,marne,104999.0
saone_et_loire,loire,26.0
gard,herault,512.0
maine_et_loire,loire_atlantique,134.0
haute_loire,loire,363.0
manche,calvados,88.0
loire,loire,99137.0
gard,gard,124530.0
loire,haute_loire,360.0
pyrenees_atlantiques,landes,382.0
ardennes,marne,51.0
loire,rhone,315.0
gard,bouches_du_rhone,325.0
ardeche,vaucluse,16.0
rhone,loire,375.0
ardeche,ardeche,54529.0
saone_et_loire,saone_et_loire,81155.0
landes,pyrenees_atlantiques,368.0
gard,vaucluse,446.0
bouches_du_rhone,gard,322.0
loire,isere,89.0
ardennes,ardennes,50348.0
rhone,saone_et_loire,111.0
ardeche,isere,157.0
cote_d'or,saone_et_loire,167.0
saone_et_loire,rhone,119.0
rhone,ain,880.0
saone_et_loire,ain,328.0
vaucluse,gard,460.0
isere,loire,86.0
ardeche,drome,1068.0
rhone,rhone,286774.0
manche,manche,72814.0
saone_et_loire,cote_d'or,160.0
isere,ardeche,158.0
vaucluse,drome,314.0
drome,vaucluse,270.0
rhone,isere,1321.0
ain,saone_et_loire,328.0
drome,ardeche,1072.0
drome,drome,68531.0
ain,rhone,839.0
bouches_du_rhone,vaucluse,848.0
cote_d'or,cote_d'or,82345.0
vaucluse,vaucluse,101190.0
isere,rhone,1323.0
vaucluse,bouches_du_rhone,828.0
meuse,haute_marne,44.0
drome,isere,111.0
haute_marne,haute_marne,32441.0
isere,drome,115.0
bouches_du_rhone,bouches_du_rhone,341162.0
ain,ain,89466.0
ain,isere,295.0
isere,ain,276.0
saone_et_loire,jura,75.0
meuse,meuse,33088.0
cote_d'or,jura,66.0
charente_maritime,gironde,46.0
jura,saone_et_loire,89.0
bouches_du_rhone,var,273.0
isere,isere,182523.0
jura,ain,40.0
jura,jura,38748.0
meuse,meurthe_et_moselle,44.0
ain,savoie,39.0
loire_atlantique,loire_atlantique,202968.0
jura,doubs,69.0
var,bouches_du_rhone,250.0
isere,savoie,233.0
savoie,isere,205.0
haute_savoie,ain,46.0
alpes_de_haute_provence,bouches_du_rhone,50.0
ain,haute_savoie,29.0
doubs,jura,68.0
savoie,ain,30.0
gers,landes,47.0
haute_savoie,savoie,224.0
vosges,meurthe_et_moselle,71.0
territoire_de_belfort,haute_saone,55.0
territoire_de_belfort,haut_rhin,12.0
landes,gers,33.0
gironde,lot_et_garonne,39.0
hautes_pyrenees,pyrenees_atlantiques,48.0
calvados,seine_maritime,36.0
charente,dordogne,10.0
dordogne,charente,10.0
vienne,indre_et_loire,36.0
orne,eure,38.0
indre_et_loire,vienne,37.0
eure,orne,12.0
eure_et_loir,orne,73.0
haute_vienne,charente,14.0
indre_et_loire,loir_et_cher,49.0
gironde,charente_maritime,66.0
haute_garonne,gers,64.0
loir_et_cher,indre,50.0
correze,dordogne,81.0
indre,loir_et_cher,38.0
eure,oise,40.0
seine_maritime,oise,33.0
oise,eure,56.0
eure_et_loir,loiret,43.0
oise,seine_maritime,37.0
loiret,eure_et_loir,41.0
aude,haute_garonne,35.0
cher,indre,12.0
hauts_de_seine,seine_et_marne,224.0
somme,pas_de_calais,39.0
seine_saint_denis,oise,159.0
somme,oise,56.0
seine_et_marne,loiret,56.0
oise,somme,33.0
somme,aisne,72.0
oise,aisne,126.0
seine_et_marne,yonne,61.0
seine_et_marne,aube,35.0
gironde,landes,49.0
aube,seine_et_marne,15.0
herault,pyrenees_orientales,10.0
nord,aisne,71.0
calvados,manche,63.0
aube,marne,78.0
marne,aisne,112.0
loire_atlantique,maine_et_loire,141.0
ardeche,gard,33.0
loire,ardeche,32.0
ardeche,loire,33.0
haute_marne,marne,15.0
haute_marne,meuse,34.0
jura,cote_d'or,50.0
ain,jura,52.0
bouches_du_rhone,alpes_de_haute_provence,43.0
meurthe_et_moselle,meuse,36.0
haut_rhin,territoire_de_belfort,20.0
lot_et_garonne,gironde,22.0
indre_et_loire,maine_et_loire,13.0
gers,hautes_pyrenees,14.0
charente,vienne,12.0
lot_et_garonne,tarn_et_garonne,45.0
haute_garonne,hautes_pyrenees,14.0
haute_vienne,correze,14.0
orne,mayenne,13.0
haute_garonne,aude,16.0
indre,cher,14.0
essonne,eure_et_loir,30.0
essonne,loiret,21.0
yvelines,seine_et_marne,30.0
hauts_de_seine,eure_et_loir,11.0
hauts_de_seine,oise,11.0
val_de_marne,oise,18.0
cher,loiret,10.0
mayenne,maine_et_loire,16.0
pyrenees_orientales,aude,11.0
seine_et_marne,aisne,28.0
yonne,aube,11.0
yonne,cote_d'or,13.0
marne,ardennes,54.0
loire,saone_et_loire,26.0
gard,ardeche,25.0
vaucluse,ardeche,22.0
drome,gard,17.0
rhone,ardeche,12.0
